DEBUG:root:
                            fp16      fp32      fp64       tf32  memgb   membw    tdp
NVIDIA-A100-SXM4-40GB  311.86944  19.49184   9.74592  155.93472   40.0  1555.0  400.0
NVIDIA-A100-SXM4-80GB  311.86944  19.49184   9.74592  155.93472   80.0  1555.0  400.0
NVIDIA-H100-80GB-HBM3  989.42976  66.90816  33.45408  494.71488   80.0  3352.0  700.0
NVIDIA-L40S            366.42816  91.60704   1.43136  183.21408   48.0   864.0  350.0
Quadro-RTX-8000        130.49856  16.31232   0.50976    0.00000   48.0   672.0  260.0
Tesla-V100-SXM2-32GB   125.33760  15.66720   7.83360    0.00000   32.0   900.0  300.0
INFO:root:
                           fp16      fp32  memgb     membw
NVIDIA-A100-SXM4-40GB  1.000000  1.000000    0.5  1.000000
NVIDIA-A100-SXM4-80GB  1.000000  1.000000    1.0  1.000000
NVIDIA-H100-80GB-HBM3  3.172577  3.432624    1.0  2.155627
NVIDIA-L40S            1.174941  4.699764    0.6  0.555627
Quadro-RTX-8000        0.418440  0.836879    0.6  0.432154
Tesla-V100-SXM2-32GB   0.401891  0.803783    0.4  0.578778
/Users/satyaortiz-gagne/CODE/milabench/report.py:77: PerformanceWarning: indexing past lexsort depth may impact performance.
  [i in df.index for i in aliases_data.index]
INFO:root:bert-tf32-fp16:
                                  fail  n  ngpu    perf   sem%   std%  peak_memory   score  weight
gpu                   batch_size                                                                  
NVIDIA-A100-SXM4-40GB 46             0  1     1  272.29  0.002  0.009          NaN  272.29     3.0
                      64             0  1     1  283.50  0.002  0.009          NaN  283.50     3.0
                      68             0  1     4  285.08  0.001  0.008          NaN  285.08     3.0
                      80             0  1     1  290.91  0.001  0.004          NaN  290.91     3.0
                      86             0  1     1  291.67  0.000  0.002          NaN  291.67     3.0
                      88             0  1     1  292.53  0.001  0.004          NaN  292.53     3.0
                      90             0  1     4  293.76  0.001  0.005          NaN  293.76     3.0
NVIDIA-A100-SXM4-80GB 90             0  1     1  314.30  0.001  0.004          NaN  314.30     3.0
                      128            0  1     1  319.69  0.001  0.003          NaN  319.69     3.0
                      136            0  1     1  320.46  0.001  0.003          NaN  320.46     3.0
                      158            0  1     1  322.87  0.001  0.004          NaN  322.87     3.0
                      160            0  1     1  323.37  0.001  0.005          NaN  323.37     3.0
                      170            0  1     1  324.40  0.001  0.003      76180.0  324.40     3.0
                      176            0  1     1  321.50  0.001  0.004      78672.0  321.50     3.0
                      180            0  1     1  322.27  0.001  0.003      80540.0  322.27     3.0
NVIDIA-H100-80GB-HBM3 90             0  1     1  552.31  0.000  0.001          NaN  552.31     3.0
                      128            0  1     4  566.78  0.000  0.003          NaN  566.78     3.0
                      136            0  1     1  569.17  0.000  0.002          NaN  569.17     3.0
                      158            0  1     1  574.44  0.000  0.002          NaN  574.44     3.0
                      160            0  1     4  574.24  0.000  0.002          NaN  574.24     3.0
                      170            0  1     1  576.06  0.001  0.003          NaN  576.06     3.0
                      176            0  1     4  576.46  0.003  0.015          NaN  576.46     3.0
                      180            0  1     4  577.25  0.000  0.002          NaN  577.25     3.0
NVIDIA-L40S           50             0  1     1  203.21  0.002  0.009          NaN  203.21     3.0
                      64             0  1     4  207.14  0.001  0.005          NaN  207.14     3.0
                      76             0  1     1  206.52  0.001  0.007          NaN  206.52     3.0
                      88             0  1     1  206.17  0.001  0.006          NaN  206.17     3.0
                      94             0  1     1  206.68  0.001  0.006          NaN  206.68     3.0
                      96             0  1     4  206.46  0.001  0.006          NaN  206.46     3.0
                      98             0  1     1  205.82  0.001  0.006          NaN  205.82     3.0
                      100            0  1     4  207.60  0.001  0.004          NaN  207.60     3.0
Quadro-RTX-8000       52             0  1     1   92.35  0.001  0.004      24211.0   92.35     3.0
                      56             0  1     4   96.08  0.000  0.002      25929.0   96.08     3.0
                      64             0  1     1   94.69  0.000  0.002      29355.0   94.69     3.0
                      78             0  1     1   95.80  0.001  0.004      35579.0   95.80     3.0
                      84             0  1     4   98.72  0.000  0.002      38155.0   98.72     3.0
                      90             0  1     1   95.94  0.001  0.004      40831.0   95.94     3.0
                      96             0  1     1   96.61  0.001  0.003      43343.0   96.61     3.0
                      98             0  1     4   98.24  0.000  0.002      44313.0   98.24     3.0
                      100            0  1     1   96.41  0.001  0.003      45181.0   96.41     3.0
                      102            0  1     1   96.30  0.001  0.005      45955.0   96.30     3.0
Tesla-V100-SXM2-32GB  36             0  1     4  104.82  0.001  0.004      17132.0  104.82     3.0
                      54             0  1     4  108.26  0.001  0.004      21846.0  108.26     3.0
                      64             0  1     4  109.81  0.001  0.004      29264.0  109.81     3.0
                      68             0  1     4  110.33  0.001  0.005      31070.0  110.33     3.0
                      70             0  1     4  110.57  0.004  0.022      32004.0  110.57     3.0
                      72             0  1     4  111.67  0.001  0.006      32692.0  111.67     3.0
INFO:root:brax:
                                  fail  n  ngpu        perf   sem%   std%  peak_memory       score  weight
gpu                   batch_size                                                                          
NVIDIA-A100-SXM4-40GB 2048           0  1     4   689764.61  0.001  0.008       2195.0   689764.61     1.0
                      4096           0  1     4   734793.16  0.004  0.034       2451.0   734793.16     1.0
                      8192           0  1     4   763752.76  0.003  0.020       2707.0   763752.76     1.0
                      16384          0  1     4   776430.77  0.001  0.011       3219.0   776430.77     1.0
                      21504          0  1     4   773736.97  0.001  0.009       3475.0   773736.97     1.0
                      32256          0  1     4   774694.72  0.001  0.006       4499.0   774694.72     1.0
                      32768          0  1     4   778299.18  0.001  0.006       4499.0   778299.18     1.0
                      37632          0  1     4   777858.45  0.001  0.006       4499.0   777858.45     1.0
                      40960          0  1     4   778233.60  0.001  0.005       4499.0   778233.60     1.0
                      43008          0  1     4   779551.53  0.001  0.005       4499.0   779551.53     1.0
                      65536          0  1     1   362014.65  0.001  0.003      19513.0   362014.65     1.0
                      73728          0  1     1   361892.48  0.001  0.003      19513.0   361892.48     1.0
                      110592         0  1     1   362754.92  0.001  0.002      31295.0   362754.92     1.0
                      129024         0  1     1   362407.78  0.001  0.002      31295.0   362407.78     1.0
                      131072         0  1     1   363325.56  0.001  0.002      31295.0   363325.56     1.0
                      138240         0  1     1   361657.12  0.002  0.006      31297.0   361657.12     1.0
                      142848         0  1     1   362185.17  0.002  0.005      31297.0   362185.17     1.0
                      147456         0  1     1   362873.44  0.001  0.002      31297.0   362873.44     1.0
NVIDIA-A100-SXM4-80GB 2048           0  1     4   685822.35  0.007  0.054       2440.0   685822.35     1.0
                      4096           0  1     4   740098.08  0.005  0.036       2696.0   740098.08     1.0
                      8192           0  1     4   762765.53  0.000  0.003       2952.0   762765.53     1.0
                      16384          0  1     4   776301.10  0.001  0.011       3464.0   776301.10     1.0
                      21504          0  1     4   774598.36  0.001  0.008       3720.0   774598.36     1.0
                      32256          0  1     4   779207.16  0.001  0.007       4744.0   779207.16     1.0
                      32768          0  1     4   780423.12  0.000  0.003       4744.0   780423.12     1.0
                      37632          0  1     4   781203.29  0.001  0.006       4744.0   781203.29     1.0
                      40960          0  1     4   782059.40  0.001  0.005       4744.0   782059.40     1.0
                      43008          0  1     4   780812.11  0.001  0.005       4744.0   780812.11     1.0
                      65536          0  1     1   367479.03  0.001  0.004      19758.0   367479.03     1.0
                      131072         0  1     1   369292.03  0.000  0.001      38190.0   369292.03     1.0
                      147456         0  1     1   368397.62  0.001  0.002      38192.0   368397.62     1.0
                      221184         0  1     1   367747.53  0.004  0.006      62078.0   367747.53     1.0
                      258048         0  1     1   357653.06  0.026  0.051      62078.0   357653.06     1.0
                      262144         0  1     1   358298.59  0.026  0.052      62078.0   358298.59     1.0
                      276480         0  1     1   358051.76  0.023  0.046      62078.0   358051.76     1.0
                      285696         0  1     1   358753.70  0.024  0.048      62078.0   358753.70     1.0
                      294912         0  1     1   358986.33  0.023  0.045      62078.0   358986.33     1.0
NVIDIA-H100-80GB-HBM3 2048           0  1     4   937434.92  0.008  0.064       4073.0   937434.92     1.0
                      4096           0  1     4  1019387.51  0.000  0.002       4329.0  1019387.51     1.0
                      8192           0  1     4  1068930.97  0.000  0.002       4587.0  1068930.97     1.0
                      16384          0  1     4  1079771.19  0.000  0.002       5357.0  1079771.19     1.0
                      31232          0  1     4  1090989.06  0.001  0.009       6381.0  1090989.06     1.0
                      32768          0  1     4  1089935.68  0.000  0.003       6381.0  1089935.68     1.0
                      36864          0  1     4  1092180.90  0.001  0.009       6381.0  1092180.90     1.0
                      46848          0  1     4  1104474.59  0.001  0.007       8429.0  1104474.59     1.0
                      49152          0  1     4  1099896.87  0.001  0.006       8429.0  1099896.87     1.0
                      55296          0  1     4  1097549.11  0.001  0.006       8429.0  1097549.11     1.0
                      57344          0  1     4  1099184.03  0.001  0.006       8429.0  1099184.03     1.0
                      58368          0  1     4  1099868.79  0.000  0.002       8429.0  1099868.79     1.0
                      61440          0  1     4  1095240.87  0.000  0.002       8429.0  1095240.87     1.0
                      62464          0  1     4  1106456.72  0.000  0.004       8429.0  1106456.72     1.0
                      65536          0  1     1   678702.34  0.000  0.002      19797.0   678702.34     1.0
                      131072         0  1     1   679349.26  0.001  0.002      38231.0   679349.26     1.0
                      147456         0  1     1   683392.19  0.001  0.003      38233.0   683392.19     1.0
                      221184         0  1     1   679214.75  0.001  0.003      62117.0   679214.75     1.0
                      258048         0  1     1   677021.69  0.001  0.001      62117.0   677021.69     1.0
                      262144         0  1     1   679796.23  0.001  0.003      62117.0   679796.23     1.0
                      276480         0  1     1   679581.18  0.001  0.001      62117.0   679581.18     1.0
                      285696         0  1     1   681517.11  0.001  0.002      62117.0   681517.11     1.0
                      294912         0  1     1   677801.51  0.001  0.001      62117.0   677801.51     1.0
NVIDIA-L40S           2048           0  1     4  1041955.62  0.008  0.065       1246.0  1041955.62     1.0
                      4096           0  1     4  1127997.07  0.006  0.046       1504.0  1127997.07     1.0
                      8192           0  1     4  1181282.94  0.004  0.029       1760.0  1181282.94     1.0
                      16384          0  1     4  1212258.49  0.002  0.016       2272.0  1212258.49     1.0
                      32768          0  1     4  1214030.71  0.001  0.009       3552.0  1214030.71     1.0
                      33792          0  1     4  1207918.96  0.001  0.011       3552.0  1207918.96     1.0
                      50688          0  1     4  1204244.91  0.001  0.006       5600.0  1204244.91     1.0
                      59136          0  1     4  1198958.41  0.001  0.005       5600.0  1198958.41     1.0
                      65536          0  1     4  1204228.36  0.001  0.005       5600.0  1204228.36     1.0
                      67584          0  1     4  1210737.73  0.001  0.007       5600.0  1210737.73     1.0
                      83968          0  1     1   580676.01  0.000  0.001      19548.0   580676.01     1.0
                      125952         0  1     1   578365.02  0.000  0.001      35140.0   578365.02     1.0
                      131072         0  1     1   577891.61  0.000  0.001      35140.0   577891.61     1.0
                      146944         0  1     1   577553.29  0.000  0.001      35142.0   577553.29     1.0
                      157440         0  1     1   578142.78  0.000  0.001      35142.0   578142.78     1.0
                      163840         0  1     1   578231.29  0.000  0.000      35142.0   578231.29     1.0
                      167936         0  1     1   576621.49  0.000  0.000      35142.0   576621.49     1.0
Quadro-RTX-8000       2048           0  1     4   516825.54  0.002  0.012       1143.0   516825.54     1.0
                      4096           0  1     4   546153.05  0.001  0.009       1399.0   546153.05     1.0
                      8192           0  1     4   509718.26  0.002  0.018       1655.0   509718.26     1.0
                      16384          0  1     4   564912.09  0.001  0.010       2423.0   564912.09     1.0
                      16896          0  1     4   599965.52  0.002  0.012       2405.0   599965.52     1.0
                      24576          0  1     4   567876.24  0.001  0.007       3449.0   567876.24     1.0
                      25344          0  1     4   603626.60  0.001  0.009       3429.0   603626.60     1.0
                      28672          0  1     4   568148.74  0.001  0.005       3449.0   568148.74     1.0
                      30720          0  1     4   569192.96  0.001  0.004       3449.0   569192.96     1.0
                      31232          0  1     4   568405.36  0.001  0.007       3449.0   568405.36     1.0
                      32768          0  1     4   603044.76  0.001  0.010       3429.0   603044.76     1.0
                      33792          0  1     4   602306.52  0.001  0.007       3429.0   602306.52     1.0
                      65536          0  1     1    88084.21  0.031  0.063      19205.0    88084.21     1.0
                      83968          0  1     1    87960.49  0.035  0.061      19207.0    87960.49     1.0
                      125952         0  1     1    86565.64  0.033  0.047      34929.0    86565.64     1.0
                      131072         0  1     1    87283.18  0.033  0.047      34929.0    87283.18     1.0
                      146944         0  1     1    87100.89  0.031  0.044      34931.0    87100.89     1.0
                      157440         0  1     1    83621.35  0.000  0.000      34925.0    83621.35     1.0
                      163840         0  1     1    84123.74  0.000  0.000      34925.0    84123.74     1.0
                      167936         0  1     1    84162.52  0.000  0.000      34925.0    84162.52     1.0
Tesla-V100-SXM2-32GB  2048           0  1     4   524266.70  0.006  0.047       1248.0   524266.70     1.0
                      4096           0  1     4   563019.26  0.004  0.030       1504.0   563019.26     1.0
                      8192           0  1     4   580686.82  0.003  0.020       1760.0   580686.82     1.0
                      16384          0  1     4   586619.27  0.002  0.012       2528.0   586619.27     1.0
                      32768          0  1     4   589215.92  0.001  0.010       3554.0   589215.92     1.0
                      55296          0  1     1   112105.28  0.001  0.002      19135.0   112105.28     1.0
                      65536          0  1     1   112032.68  0.000  0.000      19135.0   112032.68     1.0
                      82944          0  1     1   107003.62  0.042  0.084      19143.0   107003.62     1.0
                      96768          0  1     1   106096.67  0.048  0.084      25085.0   106096.67     1.0
                      98304          0  1     1   106236.46  0.048  0.083      25085.0   106236.46     1.0
                      103680         0  1     1   105998.13  0.047  0.081      25085.0   105998.13     1.0
                      106496         0  1     1   106242.28  0.045  0.078      25085.0   106242.28     1.0
                      110592         0  1     1   106405.68  0.044  0.077      25085.0   106405.68     1.0
INFO:root:convnext_large-tf32-fp16:
                                  fail  n  ngpu    perf   sem%   std%  peak_memory   score  weight
gpu                   batch_size                                                                  
NVIDIA-A100-SXM4-40GB 104            0  1     1  341.08  0.001  0.003          NaN  341.08     3.0
                      128            0  1     1  344.80  0.001  0.008      26839.0  344.80     3.0
                      156            0  1     1  348.26  0.000  0.003          NaN  348.26     3.0
                      182            0  1     1  351.92  0.001  0.004      37339.0  351.92     3.0
                      192            0  1     1  356.13  0.001  0.005      39147.0  356.13     3.0
                      196            0  1     1  353.82  0.002  0.009      39899.0  353.82     3.0
                      202            0  1     1  355.56  0.000  0.002      40825.0  355.56     3.0
                      208            0  1     1  331.45  0.021  0.111      40909.0  331.45     3.0
NVIDIA-A100-SXM4-80GB 212            0  1     1  374.48  0.002  0.009      43048.0  374.48     3.0
                      256            0  1     1  380.29  0.001  0.005      51436.0  380.29     3.0
                      318            0  1     1  379.27  0.001  0.004      63404.0  379.27     3.0
                      372            0  1     1  385.41  0.001  0.003      73564.0  385.41     3.0
                      384            0  1     1  388.44  0.001  0.003      75916.0  388.44     3.0
                      398            0  1     1  383.74  0.001  0.006      78644.0  383.74     3.0
                      412            0  1     1  384.13  0.001  0.006      81318.0  384.13     3.0
                      416            0  1     1  382.88  0.015  0.079      80086.0  382.88     3.0
                      424            0  1     1  367.88  0.025  0.134      81578.0  367.88     3.0
NVIDIA-H100-80GB-HBM3 212            0  1     1  700.03  0.000  0.003          NaN  700.03     3.0
                      256            0  1     1  729.33  0.001  0.003          NaN  729.33     3.0
                      318            0  1     1  715.83  0.000  0.002      63349.0  715.83     3.0
                      372            0  1     1  720.00  0.001  0.004      73605.0  720.00     3.0
                      384            0  1     1  744.34  0.001  0.003      75979.0  744.34     3.0
                      398            0  1     1  721.14  0.001  0.006      78669.0  721.14     3.0
                      412            0  1     1  722.37  0.001  0.004      81345.0  722.37     3.0
                      416            0  1     1  747.18  0.001  0.003      80109.0  747.18     3.0
                      424            0  1     1  740.61  0.007  0.039      81525.0  740.61     3.0
NVIDIA-L40S           118            0  1     1  289.29  0.000  0.002          NaN  289.29     3.0
                      128            0  1     1  283.71  0.001  0.003          NaN  283.71     3.0
                      178            0  1     1  284.65  0.000  0.002      36614.0  284.65     3.0
                      192            0  1     1  284.09  0.000  0.002      39176.0  284.09     3.0
                      208            0  1     1  284.62  0.000  0.002      42092.0  284.62     3.0
                      222            0  1     1  282.52  0.000  0.002      44794.0  282.52     3.0
                      224            0  1     1  284.37  0.001  0.007      45280.0  284.37     3.0
                      230            0  1     1  284.35  0.002  0.009      45514.0  284.35     3.0
                      232            0  1     1  283.15  0.001  0.008      45750.0  283.15     3.0
                      236            0  1     1  277.11  0.013  0.069      45794.0  277.11     3.0
Quadro-RTX-8000       118            0  1     1  136.41  0.001  0.003      24851.0  136.41     3.0
                      128            0  1     1  137.49  0.001  0.005      26703.0  137.49     3.0
                      178            0  1     1  135.30  0.001  0.005      36477.0  135.30     3.0
                      192            0  1     1  134.73  0.001  0.005      39159.0  134.73     3.0
                      208            0  1     1  137.83  0.001  0.006      42093.0  137.83     3.0
                      222            0  1     1  132.13  0.001  0.005      44811.0  132.13     3.0
                      224            0  1     1  132.00  0.001  0.005      45299.0  132.00     3.0
                      230            0  1     1  131.59  0.001  0.006      45541.0  131.59     3.0
                      232            0  1     1  131.86  0.001  0.006      45779.0  131.86     3.0
                      236            0  1     1  129.79  0.006  0.031      45935.0  129.79     3.0
Tesla-V100-SXM2-32GB  82             0  1     1  174.64  0.002  0.010      17948.0  174.64     3.0
                      124            0  1     1  178.04  0.001  0.003      25926.0  178.04     3.0
                      128            0  1     1  180.52  0.001  0.004      26618.0  180.52     3.0
                      144            0  1     1  181.19  0.000  0.002      29680.0  181.19     3.0
                      154            0  1     1  181.27  0.001  0.005      31600.0  181.27     3.0
                      160            0  1     1  182.31  0.000  0.003      32604.0  182.31     3.0
                      164            0  1     1  179.01  0.006  0.031      32672.0  179.01     3.0
INFO:root:diffusion-gpus:
                                  fail  n  ngpu    perf   sem%   std%  peak_memory   score  weight
gpu                   batch_size                                                                  
NVIDIA-A100-SXM4-40GB 10             0  1     4   76.08  0.004  0.032      30533.0   76.08     1.0
                      14             0  1     4   83.75  0.002  0.018      35345.0   83.75     1.0
                      16             0  1     4   82.07  0.004  0.028      37927.0   82.07     1.0
                      18             0  1     4   83.91  0.006  0.046      40331.0   83.91     1.0
NVIDIA-A100-SXM4-80GB 26             0  1     4   96.98  0.007  0.052      54502.0   96.98     1.0
                      30             0  1     4  100.18  0.007  0.057      56742.0  100.18     1.0
                      32             0  1     4   98.55  0.008  0.061      58170.0   98.55     1.0
                      38             0  1     4   99.72  0.009  0.069      65814.0   99.72     1.0
                      40             0  1     4  101.66  0.008  0.060      74180.0  101.66     1.0
                      44             0  1     4  100.87  0.009  0.065      75702.0  100.87     1.0
                      46             0  1     4  102.37  0.010  0.073      75470.0  102.37     1.0
                      48             0  1     4  100.82  0.011  0.082      78178.0  100.82     1.0
                      50             0  1     4  100.64  0.010  0.077      80658.0  100.64     1.0
NVIDIA-H100-80GB-HBM3 24             0  1     4  176.25  0.015  0.115      49613.0  176.25     1.0
                      28             0  1     4  125.71  0.032  0.247      54477.0  125.71     1.0
                      32             0  1     4  129.98  0.030  0.229      59663.0  129.98     1.0
                      36             0  1     4  176.19  0.015  0.117      67223.0  176.19     1.0
                      38             0  1     4  135.10  0.035  0.266      67129.0  135.10     1.0
                      42             0  1     4  196.06  0.006  0.045      76367.0  196.06     1.0
                      44             0  1     4  119.80  0.042  0.317      77291.0  119.80     1.0
                      46             0  1     4  131.27  0.036  0.277      80241.0  131.27     1.0
                      48             0  1     4  126.52  0.032  0.246      79721.0  126.52     1.0
NVIDIA-L40S           12             0  1     4   51.99  0.001  0.005      31850.0   51.99     1.0
                      14             0  1     4   55.84  0.002  0.017      34420.0   55.84     1.0
                      16             0  1     4   57.64  0.002  0.014      36872.0   57.64     1.0
                      18             0  1     4   60.05  0.003  0.020      41148.0   60.05     1.0
                      20             0  1     4   61.73  0.003  0.019      41638.0   61.73     1.0
                      22             0  1     4   63.92  0.004  0.033      44422.0   63.92     1.0
Quadro-RTX-8000       6              0  1     4    5.23  0.002  0.014      33487.0    5.23     1.0
                      8              0  1     4    5.36  0.001  0.010      38661.0    5.36     1.0
                      10             0  1     4    5.47  0.001  0.011      42595.0    5.47     1.0
Tesla-V100-SXM2-32GB  2              0  1     4    6.43  0.000  0.002      22588.0    6.43     1.0
                      4              0  1     4    7.24  0.000  0.003      27340.0    7.24     1.0
INFO:root:diffusion-single:
                                  fail  n  ngpu   perf   sem%   std%  peak_memory  score  weight
gpu                   batch_size                                                                
NVIDIA-A100-SXM4-40GB 12             0  1     1  22.38  0.001  0.007      28439.0  22.38     1.0
                      16             0  1     1  23.86  0.002  0.016      33375.0  23.86     1.0
                      18             0  1     1  24.20  0.001  0.008      35927.0  24.20     1.0
                      20             0  1     1  24.81  0.001  0.007      38207.0  24.81     1.0
                      22             0  1     1  24.67  0.002  0.016      40825.0  24.67     1.0
NVIDIA-A100-SXM4-80GB 28             0  1     1  27.36  0.001  0.005      48616.0  27.36     1.0
                      32             0  1     1  28.01  0.001  0.005      53372.0  28.01     1.0
                      42             0  1     1  28.83  0.001  0.005      66064.0  28.83     1.0
                      48             0  1     1  29.08  0.001  0.006      77006.0  29.08     1.0
                      52             0  1     1  29.19  0.000  0.003      78716.0  29.19     1.0
                      54             0  1     1  29.25  0.001  0.005      81486.0  29.25     1.0
NVIDIA-H100-80GB-HBM3 28             0  1     1  51.79  0.000  0.002      48585.0  51.79     1.0
                      32             0  1     1  53.27  0.000  0.002      55119.0  53.27     1.0
                      42             0  1     1  54.69  0.000  0.002      66167.0  54.69     1.0
                      48             0  1     1  55.65  0.000  0.002      73539.0  55.65     1.0
                      52             0  1     1  55.67  0.000  0.002      78597.0  55.67     1.0
                      54             0  1     1  55.74  0.000  0.001      81421.0  55.74     1.0
NVIDIA-L40S           14             0  1     1  18.64  0.001  0.007      31012.0  18.64     1.0
                      16             0  1     1  18.97  0.001  0.006      33534.0  18.97     1.0
                      20             0  1     1  19.19  0.001  0.006      38334.0  19.19     1.0
                      24             0  1     1  19.48  0.001  0.007      43336.0  19.48     1.0
                      26             0  1     1  19.48  0.001  0.010      45998.0  19.48     1.0
Quadro-RTX-8000       6              0  1     1   1.53  0.001  0.007      29219.0   1.53     1.0
                      8              0  1     1   1.55  0.001  0.007      34001.0   1.55     1.0
                      10             0  1     1   1.56  0.001  0.004      39289.0   1.56     1.0
                      12             0  1     1   1.57  0.000  0.003      45733.0   1.57     1.0
Tesla-V100-SXM2-32GB  4              0  1     1   1.90  0.000  0.001      23698.0   1.90     1.0
                      6              0  1     1   1.95  0.000  0.001      29128.0   1.95     1.0
INFO:root:dimenet:
                                  fail  n  ngpu     perf   sem%   std%  peak_memory    score  weight
gpu                   batch_size                                                                    
NVIDIA-A100-SXM4-40GB 76             0  1     1   911.59  0.008  0.058      11349.0   911.59     1.0
                      78             0  1     1   939.99  0.008  0.061      14549.0   939.99     1.0
                      96             0  1     1   907.68  0.008  0.065      17291.0   907.68     1.0
                      114            0  1     1   874.77  0.006  0.049      16063.0   874.77     1.0
                      118            0  1     1   864.37  0.007  0.055      21085.0   864.37     1.0
                      128            0  1     1   851.22  0.008  0.063      28085.0   851.22     1.0
                      138            0  1     1   852.67  0.008  0.059      29747.0   852.67     1.0
                      144            0  1     1   832.53  0.011  0.084      30791.0   832.53     1.0
                      148            0  1     1   827.31  0.011  0.087      38429.0   827.31     1.0
                      152            0  1     1   841.77  0.012  0.089      21443.0   841.77     1.0
                      156            0  1     1   833.87  0.010  0.078      27321.0   833.87     1.0
                      168            0  1     1   811.31  0.012  0.089      21937.0   811.31     1.0
                      180            0  1     1   805.01  0.012  0.093      39251.0   805.01     1.0
                      186            0  1     1   799.73  0.014  0.105      40165.0   799.73     1.0
                      192            0  1     1   805.00  0.009  0.067      33683.0   805.00     1.0
NVIDIA-A100-SXM4-80GB 132            0  1     1   903.53  0.008  0.061      33662.0   903.53     1.0
                      256            0  1     1   860.75  0.007  0.058      44300.0   860.75     1.0
                      264            0  1     1   858.49  0.007  0.053      35812.0   858.49     1.0
                      268            0  1     1   864.73  0.007  0.057      55164.0   864.73     1.0
NVIDIA-H100-80GB-HBM3 128            0  1     1  1681.91  0.008  0.060      12613.0  1681.91     1.0
                      176            0  1     1  1611.66  0.007  0.053      30493.0  1611.66     1.0
                      248            0  1     1  1566.32  0.006  0.043      33411.0  1566.32     1.0
                      256            0  1     1  1481.22  0.010  0.074      33875.0  1481.22     1.0
                      264            0  1     1  1545.99  0.009  0.071      25453.0  1545.99     1.0
                      308            0  1     1  1538.09  0.010  0.079      51877.0  1538.09     1.0
                      320            0  1     1  1515.40  0.011  0.083      55189.0  1515.40     1.0
                      328            0  1     1  1516.48  0.011  0.084      55823.0  1516.48     1.0
                      352            0  1     1  1520.00  0.010  0.073      72843.0  1520.00     1.0
NVIDIA-L40S           48             0  1     1   847.06  0.008  0.058          NaN   847.06     1.0
                      64             0  1     1   953.31  0.007  0.057       7096.0   953.31     1.0
                      80             0  1     1   986.97  0.006  0.046      11482.0   986.97     1.0
                      84             0  1     1  1000.61  0.007  0.051      15164.0  1000.61     1.0
                      88             0  1     1   908.37  0.006  0.044      12228.0   908.37     1.0
                      90             0  1     1   958.95  0.008  0.063      16744.0   958.95     1.0
                      92             0  1     1   889.45  0.006  0.043       9632.0   889.45     1.0
                      94             0  1     1   953.92  0.008  0.058      20692.0   953.92     1.0
                      158            0  1     1  1001.35  0.011  0.083      33652.0  1001.35     1.0
                      176            0  1     1  1045.22  0.004  0.029      31332.0  1045.22     1.0
                      180            0  1     1  1034.12  0.010  0.079      31270.0  1034.12     1.0
                      196            0  1     1  1019.69  0.012  0.096      40356.0  1019.69     1.0
                      252            0  1     1  1026.50  0.012  0.095      43160.0  1026.50     1.0
                      256            0  1     1  1032.70  0.008  0.064      34034.0  1032.70     1.0
                      260            0  1     1  1043.61  0.008  0.062      24954.0  1043.61     1.0
Quadro-RTX-8000       64             0  1     1   310.64  0.008  0.061      14237.0   310.64     1.0
                      70             0  1     1   301.44  0.008  0.063      15947.0   301.44     1.0
                      78             0  1     1   299.78  0.008  0.064      11643.0   299.78     1.0
                      92             0  1     1   298.54  0.008  0.060      26091.0   298.54     1.0
                      96             0  1     1   291.47  0.007  0.055      20809.0   291.47     1.0
                      100            0  1     1   287.85  0.007  0.056      13739.0   287.85     1.0
                      102            0  1     1   287.57  0.007  0.051      10027.0   287.57     1.0
                      128            0  1     1   286.60  0.005  0.040      17109.0   286.60     1.0
                      136            0  1     1   282.68  0.005  0.039      33595.0   282.68     1.0
                      140            0  1     1   280.21  0.005  0.038      30053.0   280.21     1.0
                      160            0  1     1   281.20  0.006  0.049      16263.0   281.20     1.0
                      162            0  1     1   282.11  0.008  0.061      40541.0   282.11     1.0
                      176            0  1     1   281.23  0.004  0.033      10611.0   281.23     1.0
                      178            0  1     1   284.23  0.004  0.029      31287.0   284.23     1.0
                      180            0  1     1   281.54  0.004  0.034      18071.0   281.54     1.0
                      184            0  1     1   280.09  0.007  0.057      38779.0   280.09     1.0
                      188            0  1     1   278.80  0.008  0.063      38277.0   278.80     1.0
Tesla-V100-SXM2-32GB  128            0  1     1   353.65  0.006  0.047      22377.0   353.65     1.0
                      140            0  1     1   350.13  0.009  0.070      29377.0   350.13     1.0
                      150            0  1     1   347.88  0.009  0.067      32599.0   347.88     1.0
                      160            0  1     1   342.35  0.009  0.067      15935.0   342.35     1.0
                      172            0  1     1   351.56  0.010  0.076      23003.0   351.56     1.0
                      176            0  1     1   344.17  0.008  0.063      17601.0   344.17     1.0
INFO:root:dqn:
                                  fail  n  ngpu          perf   sem%   std%  peak_memory         score  weight
gpu                   batch_size                                                                              
NVIDIA-A100-SXM4-40GB 64512          0  1     1  2.029665e+10  0.033  0.919          NaN  2.029665e+10     1.0
                      65536          0  1     1  2.021785e+10  0.033  0.912      31245.0  2.021785e+10     1.0
                      96768          0  1     1  2.242663e+10  0.033  0.910          NaN  2.242663e+10     1.0
                      98304          0  1     1  2.221000e+10  0.032  0.901          NaN  2.221000e+10     1.0
                      112896         0  1     1  2.196012e+10  0.032  0.898          NaN  2.196012e+10     1.0
                      114688         0  1     1  2.237107e+10  0.032  0.898      31243.0  2.237107e+10     1.0
                      120960         0  1     1  2.280422e+10  0.032  0.891      31245.0  2.280422e+10     1.0
                      122880         0  1     1  2.276455e+10  0.032  0.895          NaN  2.276455e+10     1.0
                      124992         0  1     1  2.265034e+10  0.033  0.910          NaN  2.265034e+10     1.0
                      126976         0  1     1  2.303029e+10  0.032  0.889      31243.0  2.303029e+10     1.0
                      129024         0  1     1  2.267607e+10  0.032  0.894      31243.0  2.267607e+10     1.0
NVIDIA-A100-SXM4-80GB 64512          0  1     1  2.134527e+10  0.033  0.908      62024.0  2.134527e+10     1.0
                      65536          0  1     1  2.141777e+10  0.032  0.900          NaN  2.141777e+10     1.0
                      96768          0  1     1  2.248945e+10  0.031  0.859          NaN  2.248945e+10     1.0
                      98304          0  1     1  2.299588e+10  0.032  0.900          NaN  2.299588e+10     1.0
                      112896         0  1     1  2.447131e+10  0.032  0.893      62024.0  2.447131e+10     1.0
                      114688         0  1     1  2.397180e+10  0.032  0.904          NaN  2.397180e+10     1.0
                      120960         0  1     1  2.378167e+10  0.031  0.873          NaN  2.378167e+10     1.0
                      122880         0  1     1  2.424122e+10  0.032  0.892          NaN  2.424122e+10     1.0
                      124992         0  1     1  2.332021e+10  0.033  0.907          NaN  2.332021e+10     1.0
                      126976         0  1     1  2.406771e+10  0.032  0.894      62026.0  2.406771e+10     1.0
                      129024         0  1     1  2.397883e+10  0.033  0.916          NaN  2.397883e+10     1.0
NVIDIA-H100-80GB-HBM3 64512          0  1     1  2.712762e+10  0.033  0.923          NaN  2.712762e+10     1.0
                      65536          0  1     1  2.725665e+10  0.033  0.927          NaN  2.725665e+10     1.0
                      96768          0  1     1  2.583845e+10  0.029  0.802          NaN  2.583845e+10     1.0
                      98304          0  1     1  2.684286e+10  0.035  0.969          NaN  2.684286e+10     1.0
                      112896         0  1     1  2.860483e+10  0.035  0.974          NaN  2.860483e+10     1.0
                      114688         0  1     1  3.060497e+10  0.032  0.893          NaN  3.060497e+10     1.0
                      120960         0  1     1  3.093750e+10  0.032  0.893          NaN  3.093750e+10     1.0
                      122880         0  1     1  3.037601e+10  0.032  0.893          NaN  3.037601e+10     1.0
                      124992         0  1     1  3.056938e+10  0.032  0.894      61839.0  3.056938e+10     1.0
                      126976         0  1     1  3.062816e+10  0.032  0.895          NaN  3.062816e+10     1.0
                      129024         0  1     1  3.047799e+10  0.032  0.894          NaN  3.047799e+10     1.0
NVIDIA-L40S           64512          0  1     1  2.396181e+10  0.032  0.884      35088.0  2.396181e+10     1.0
                      65536          0  1     1  2.391094e+10  0.032  0.887      35088.0  2.391094e+10     1.0
                      96768          0  1     1  2.561802e+10  0.032  0.895      35088.0  2.561802e+10     1.0
                      98304          0  1     1  2.511676e+10  0.032  0.882      35088.0  2.511676e+10     1.0
                      112896         0  1     1  2.656771e+10  0.032  0.893      35088.0  2.656771e+10     1.0
                      114688         0  1     1  2.592682e+10  0.032  0.881          NaN  2.592682e+10     1.0
                      120960         0  1     1  2.599377e+10  0.032  0.903          NaN  2.599377e+10     1.0
                      122880         0  1     1  2.575851e+10  0.032  0.898      35088.0  2.575851e+10     1.0
                      124992         0  1     1  2.680501e+10  0.032  0.896          NaN  2.680501e+10     1.0
                      126976         0  1     1  2.659106e+10  0.032  0.894      35088.0  2.659106e+10     1.0
                      129024         0  1     1  2.608252e+10  0.032  0.892          NaN  2.608252e+10     1.0
Quadro-RTX-8000       64512          0  1     1  1.933777e+10  0.034  0.953      34879.0  1.933777e+10     1.0
                      65536          0  1     1  1.910061e+10  0.034  0.951      34879.0  1.910061e+10     1.0
                      96768          0  1     1  2.146703e+10  0.032  0.895          NaN  2.146703e+10     1.0
                      98304          0  1     1  2.155588e+10  0.032  0.895          NaN  2.155588e+10     1.0
                      112896         0  1     1  2.171055e+10  0.032  0.895          NaN  2.171055e+10     1.0
                      114688         0  1     1  2.164241e+10  0.032  0.894      34879.0  2.164241e+10     1.0
                      120960         0  1     1  2.185449e+10  0.032  0.893          NaN  2.185449e+10     1.0
                      122880         0  1     1  2.184102e+10  0.032  0.896          NaN  2.184102e+10     1.0
                      124992         0  1     1  2.204977e+10  0.032  0.890          NaN  2.204977e+10     1.0
                      126976         0  1     1  2.171511e+10  0.033  0.909          NaN  2.171511e+10     1.0
                      129024         0  1     1  2.164520e+10  0.032  0.892      34879.0  2.164520e+10     1.0
Tesla-V100-SXM2-32GB  64512          0  1     1  1.178607e+10  0.033  0.910          NaN  1.178607e+10     1.0
                      65536          0  1     1  1.142925e+10  0.033  0.920          NaN  1.142925e+10     1.0
                      96768          0  1     1  1.304107e+10  0.032  0.892          NaN  1.304107e+10     1.0
                      98304          0  1     1  1.529971e+10  0.031  0.878          NaN  1.529971e+10     1.0
                      112896         0  1     1  1.365666e+10  0.033  0.908          NaN  1.365666e+10     1.0
                      114688         0  1     1  1.347274e+10  0.032  0.893      24969.0  1.347274e+10     1.0
                      120960         0  1     1  1.485462e+10  0.032  0.889      24969.0  1.485462e+10     1.0
                      122880         0  1     1  1.387927e+10  0.032  0.898      24969.0  1.387927e+10     1.0
                      124992         0  1     1  1.372349e+10  0.032  0.888      24969.0  1.372349e+10     1.0
                      126976         0  1     1  1.392225e+10  0.032  0.898      24969.0  1.392225e+10     1.0
                      129024         0  1     1  1.376423e+10  0.032  0.890          NaN  1.376423e+10     1.0
INFO:root:lightning:
                                  fail  n  ngpu     perf   sem%   std%  peak_memory    score  weight
gpu                   batch_size                                                                    
NVIDIA-A100-SXM4-40GB 220            0  1     1   659.73  0.002  0.020      23477.0   659.73     1.0
                      256            0  1     1   661.07  0.002  0.018      26821.0   661.07     1.0
                      330            0  1     1   664.24  0.002  0.015      33891.0   664.24     1.0
                      384            0  1     1   670.03  0.001  0.014      39133.0   670.03     1.0
                      386            0  1     1   667.90  0.001  0.015      39323.0   667.90     1.0
                      414            0  1     1   652.55  0.006  0.056      40229.0   652.55     1.0
                      416            0  1     1   666.70  0.007  0.073      39597.0   666.70     1.0
                      428            0  1     1   672.04  0.006  0.058      40357.0   672.04     1.0
                      432            0  1     1   674.31  0.007  0.067      40715.0   674.31     1.0
                      440            0  1     1   666.21  0.007  0.067      40923.0   666.21     1.0
NVIDIA-A100-SXM4-80GB 456            0  1     1   739.58  0.001  0.014      46366.0   739.58     1.0
                      512            0  1     1   745.74  0.001  0.011      51650.0   745.74     1.0
                      684            0  1     1   738.66  0.004  0.037      68162.0   738.66     1.0
                      768            0  1     1   754.41  0.001  0.011      76200.0   754.41     1.0
                      798            0  1     1   739.20  0.001  0.012      79078.0   739.20     1.0
                      856            0  1     1   735.99  0.009  0.092      80834.0   735.99     1.0
                      884            0  1     1   739.17  0.007  0.073      81450.0   739.17     1.0
                      896            0  1     1   739.04  0.007  0.069      80914.0   739.04     1.0
                      912            0  1     1   721.51  0.010  0.095      81800.0   721.51     1.0
NVIDIA-H100-80GB-HBM3 448            0  1     1  1281.88  0.002  0.020      44991.0  1281.88     1.0
                      512            0  1     1  1297.70  0.003  0.025      50993.0  1297.70     1.0
                      672            0  1     1  1306.68  0.002  0.016      66375.0  1306.68     1.0
                      768            0  1     1  1319.50  0.001  0.012      75467.0  1319.50     1.0
                      784            0  1     1  1319.92  0.001  0.009      77125.0  1319.92     1.0
                      840            0  1     1  1321.59  0.001  0.012      80741.0  1321.59     1.0
                      868            0  1     1  1305.95  0.006  0.055      81467.0  1305.95     1.0
                      896            0  1     1  1315.66  0.005  0.050      80879.0  1315.66     1.0
NVIDIA-L40S           188            0  1     1   550.27  0.002  0.024      19830.0   550.27     1.0
                      248            0  1     1   528.19  0.002  0.018      25594.0   528.19     1.0
                      256            0  1     1   527.33  0.002  0.015      26380.0   527.33     1.0
                      282            0  1     1   519.29  0.001  0.012      28722.0   519.29     1.0
                      320            0  1     1   513.69  0.001  0.011      32494.0   513.69     1.0
                      330            0  1     1   510.74  0.001  0.011      33412.0   510.74     1.0
                      352            0  1     1   508.87  0.001  0.011      35414.0   508.87     1.0
                      354            0  1     1   508.09  0.001  0.014      35518.0   508.09     1.0
                      366            0  1     1   506.05  0.001  0.011      36858.0   506.05     1.0
                      368            0  1     1   505.43  0.001  0.013      36902.0   505.43     1.0
                      372            0  1     1   502.75  0.001  0.010      37332.0   502.75     1.0
                      376            0  1     1   502.77  0.001  0.010      37496.0   502.77     1.0
                      384            0  1     1   502.66  0.001  0.010      38430.0   502.66     1.0
                      434            0  1     1   495.34  0.001  0.008      43222.0   495.34     1.0
                      448            0  1     1   494.75  0.001  0.008      44410.0   494.75     1.0
                      466            0  1     1   488.98  0.005  0.047      45862.0   488.98     1.0
                      480            0  1     1   491.75  0.001  0.008      45754.0   491.75     1.0
                      482            0  1     1   488.90  0.005  0.046      45138.0   488.90     1.0
                      496            0  1     1   487.41  0.004  0.042      45750.0   487.41     1.0
Quadro-RTX-8000       248            0  1     1   260.11  0.001  0.013      25735.0   260.11     1.0
                      256            0  1     1   263.74  0.001  0.010      26543.0   263.74     1.0
                      372            0  1     1   264.41  0.001  0.008      37607.0   264.41     1.0
                      384            0  1     1   264.40  0.001  0.009      38719.0   264.40     1.0
                      434            0  1     1   264.49  0.001  0.008      43527.0   264.49     1.0
                      448            0  1     1   264.58  0.001  0.006      44777.0   264.58     1.0
                      466            0  1     1   264.78  0.001  0.007      44823.0   264.78     1.0
                      480            0  1     1   261.18  0.005  0.047      45841.0   261.18     1.0
                      482            0  1     1   257.71  0.006  0.059      45083.0   257.71     1.0
                      496            0  1     1   263.16  0.003  0.029      45591.0   263.16     1.0
Tesla-V100-SXM2-32GB  172            0  1     1   274.81  0.002  0.023      18549.0   274.81     1.0
                      256            0  1     1   279.18  0.002  0.016      26437.0   279.18     1.0
                      258            0  1     1   277.86  0.002  0.016      26707.0   277.86     1.0
                      302            0  1     1   284.48  0.002  0.016      30883.0   284.48     1.0
                      320            0  1     1   285.50  0.001  0.015      32641.0   285.50     1.0
                      324            0  1     1   282.29  0.003  0.029      31743.0   282.29     1.0
                      334            0  1     1   281.22  0.005  0.049      32553.0   281.22     1.0
                      336            0  1     1   280.45  0.005  0.054      32203.0   280.45     1.0
                      344            0  1     1   284.00  0.003  0.030      32597.0   284.00     1.0
INFO:root:lightning-gpus:
                                  fail  n  ngpu     perf   sem%   std%  peak_memory    score  weight
gpu                   batch_size                                                                    
NVIDIA-A100-SXM4-40GB 216            0  1     4  2612.97  0.004  0.035      23961.0  2612.97     1.0
                      220            0  1     1   662.12  0.002  0.023      23473.0   662.12     1.0
                      256            0  1     4  2639.67  0.004  0.044      27703.0  2639.67     1.0
                      256            0  1     1   677.84  0.002  0.024      26823.0   677.84     1.0
                      324            0  1     4  2617.25  0.005  0.047      34287.0  2617.25     1.0
                      330            0  1     1   666.86  0.002  0.018      33895.0   666.86     1.0
                      378            0  1     4  2567.94  0.015  0.144      39527.0  2567.94     1.0
                      384            0  1     4  2579.13  0.012  0.121      40017.0  2579.13     1.0
                      384            0  1     1   672.84  0.002  0.016      39131.0   672.84     1.0
                      386            0  1     1   672.40  0.002  0.021      39325.0   672.40     1.0
                      406            0  1     4  2489.79  0.021  0.206      40957.0  2489.79     1.0
                      414            0  1     1   659.13  0.006  0.063      40239.0   659.13     1.0
                      416            0  1     4  2513.28  0.018  0.178      40931.0  2513.28     1.0
                      416            0  1     1   663.29  0.007  0.072      39599.0   663.29     1.0
                      420            0  1     4  2608.64  0.011  0.113      40927.0  2608.64     1.0
                      428            0  1     1   658.79  0.007  0.067      40367.0   658.79     1.0
                      432            0  1     4  1637.01  0.041  0.409      40957.0  1637.01     1.0
                      432            0  1     1   670.69  0.007  0.072      40709.0   670.69     1.0
                      440            0  1     1   669.79  0.007  0.065      40925.0   669.79     1.0
NVIDIA-A100-SXM4-80GB 448            0  1     4  2882.05  0.003  0.031      46422.0  2882.05     1.0
                      456            0  1     1   727.27  0.001  0.013      46366.0   727.27     1.0
                      512            0  1     4  2873.50  0.006  0.057      52536.0  2873.50     1.0
                      512            0  1     1   741.55  0.001  0.013      51654.0   741.55     1.0
                      538            0  1     4  2918.98  0.005  0.051      55032.0  2918.98     1.0
                      672            0  1     4  2931.23  0.003  0.032      67908.0  2931.23     1.0
                      684            0  1     1   740.53  0.001  0.011      68162.0   740.53     1.0
                      718            0  1     4  2907.32  0.002  0.019      72344.0  2907.32     1.0
                      768            0  1     4  2922.47  0.008  0.079      77080.0  2922.47     1.0
                      768            0  1     1   749.60  0.002  0.015      76198.0   749.60     1.0
                      784            0  1     4  2960.45  0.002  0.024      78754.0  2960.45     1.0
                      798            0  1     1   740.59  0.002  0.015      79076.0   740.59     1.0
                      808            0  1     4  2949.37  0.003  0.029      80928.0  2949.37     1.0
                      840            0  1     4  2784.85  0.018  0.180      81868.0  2784.85     1.0
                      852            0  1     4  2884.03  0.012  0.116      81198.0  2884.03     1.0
                      856            0  1     1   729.55  0.010  0.102      80834.0   729.55     1.0
                      868            0  1     4  2889.67  0.011  0.106      81884.0  2889.67     1.0
                      884            0  1     1   737.80  0.007  0.073      81458.0   737.80     1.0
                      896            0  1     4  2869.56  0.012  0.117      81904.0  2869.56     1.0
                      896            0  1     1   737.37  0.008  0.076      81524.0   737.37     1.0
                      912            0  1     1   720.95  0.010  0.099      81798.0   720.95     1.0
NVIDIA-H100-80GB-HBM3 440            0  1     4  4840.91  0.008  0.078      46837.0  4840.91     1.0
                      448            0  1     1  1284.70  0.002  0.016      44991.0  1284.70     1.0
                      512            0  1     4  4948.07  0.006  0.059      53419.0  4948.07     1.0
                      512            0  1     1  1300.31  0.002  0.017      51003.0  1300.31     1.0
                      660            0  1     4  4826.76  0.015  0.148      67511.0  4826.76     1.0
                      672            0  1     1  1309.66  0.001  0.014      66377.0  1309.66     1.0
                      768            0  1     4  5009.48  0.012  0.124      77901.0  5009.48     1.0
                      768            0  1     1  1317.86  0.002  0.020      75467.0  1317.86     1.0
                      770            0  1     4  5030.24  0.010  0.099      78155.0  5030.24     1.0
                      784            0  1     1  1319.80  0.002  0.015      77133.0  1319.80     1.0
                      826            0  1     4  4580.12  0.026  0.259      81543.0  4580.12     1.0
                      832            0  1     4  4698.63  0.023  0.231      80237.0  4698.63     1.0
                      840            0  1     1  1320.96  0.002  0.024      80737.0  1320.96     1.0
                      854            0  1     4  4897.61  0.019  0.189      81149.0  4897.61     1.0
                      864            0  1     4  4962.67  0.014  0.140      81443.0  4962.67     1.0
                      868            0  1     1  1307.27  0.006  0.057      81411.0  1307.27     1.0
                      880            0  1     4  3904.88  0.012  0.123      81557.0  3904.88     1.0
                      896            0  1     1  1314.58  0.005  0.047      80879.0  1314.58     1.0
NVIDIA-L40S           188            0  1     1   550.55  0.002  0.018      19830.0   550.55     1.0
                      248            0  1     4  2043.99  0.012  0.122      25414.0  2043.99     1.0
                      248            0  1     1   527.92  0.002  0.015      25580.0   527.92     1.0
                      256            0  1     4  2067.71  0.007  0.070      26200.0  2067.71     1.0
                      256            0  1     1   526.78  0.002  0.016      26368.0   526.78     1.0
                      282            0  1     1   518.53  0.001  0.015      28722.0   518.53     1.0
                      298            0  1     4  2045.23  0.002  0.024      30346.0  2045.23     1.0
                      320            0  1     1   513.20  0.001  0.012      32488.0   513.20     1.0
                      330            0  1     1   510.56  0.001  0.011      33400.0   510.56     1.0
                      352            0  1     1   508.48  0.001  0.011      35410.0   508.48     1.0
                      354            0  1     1   508.09  0.001  0.011      35520.0   508.09     1.0
                      366            0  1     1   505.81  0.001  0.010      36858.0   505.81     1.0
                      368            0  1     1   505.41  0.001  0.013      36900.0   505.41     1.0
                      372            0  1     4  1967.98  0.007  0.067      37164.0  1967.98     1.0
                      372            0  1     1   502.22  0.001  0.013      37332.0   502.22     1.0
                      376            0  1     1   502.21  0.001  0.012      37494.0   502.21     1.0
                      384            0  1     4  1982.89  0.004  0.043      38260.0  1982.89     1.0
                      384            0  1     1   501.98  0.001  0.010      38432.0   501.98     1.0
                      398            0  1     4  1985.69  0.005  0.051      39708.0  1985.69     1.0
                      404            0  1     4  1983.52  0.002  0.015      40206.0  1983.52     1.0
                      434            0  1     4  1907.37  0.013  0.133      43052.0  1907.37     1.0
                      434            0  1     1   494.97  0.001  0.009      43224.0   494.97     1.0
                      448            0  1     4  1960.63  0.002  0.024      44240.0  1960.63     1.0
                      448            0  1     1   494.68  0.001  0.009      44410.0   494.68     1.0
                      454            0  1     4  1963.27  0.003  0.025      44794.0  1963.27     1.0
                      466            0  1     4  1893.41  0.012  0.116      46066.0  1893.41     1.0
                      466            0  1     1   488.61  0.005  0.049      45858.0   488.61     1.0
                      472            0  1     4  1958.96  0.001  0.012      45072.0  1958.96     1.0
                      480            0  1     4  1949.64  0.005  0.049      45654.0  1949.64     1.0
                      480            0  1     1   491.29  0.001  0.010      45758.0   491.29     1.0
                      482            0  1     4  1951.83  0.002  0.018      45996.0  1951.83     1.0
                      482            0  1     1   488.30  0.005  0.045      45150.0   488.30     1.0
                      496            0  1     4  1937.95  0.007  0.068      45986.0  1937.95     1.0
                      496            0  1     1   487.37  0.004  0.043      45752.0   487.37     1.0
Quadro-RTX-8000       248            0  1     1   259.63  0.001  0.011      25739.0   259.63     1.0
                      252            0  1     4  1001.10  0.013  0.128      26073.0  1001.10     1.0
                      256            0  1     4   996.62  0.005  0.050      26349.0   996.62     1.0
                      256            0  1     1   262.53  0.001  0.013      26531.0   262.53     1.0
                      302            0  1     4  1002.88  0.003  0.034      30697.0  1002.88     1.0
                      372            0  1     1   264.34  0.001  0.010      37605.0   264.34     1.0
                      378            0  1     4  1034.60  0.001  0.013      38023.0  1034.60     1.0
                      384            0  1     4  1006.97  0.002  0.024      38533.0  1006.97     1.0
                      384            0  1     1   264.30  0.001  0.007      38719.0   264.30     1.0
                      404            0  1     4  1004.44  0.002  0.024      40491.0  1004.44     1.0
                      434            0  1     1   264.13  0.001  0.006      43525.0   264.13     1.0
                      442            0  1     4  1034.40  0.002  0.021      44055.0  1034.40     1.0
                      448            0  1     4  1010.16  0.001  0.014      44587.0  1010.16     1.0
                      448            0  1     1   264.30  0.001  0.009      44777.0   264.30     1.0
                      454            0  1     4  1007.11  0.003  0.026      45145.0  1007.11     1.0
                      466            0  1     1   264.39  0.001  0.006      44823.0   264.39     1.0
                      474            0  1     4  1011.43  0.009  0.088      45965.0  1011.43     1.0
                      480            0  1     4   993.45  0.006  0.061      45657.0   993.45     1.0
                      480            0  1     1   261.40  0.004  0.043      45841.0   261.40     1.0
                      482            0  1     1   257.65  0.006  0.060      44979.0   257.65     1.0
                      490            0  1     4  1007.69  0.007  0.065      46073.0  1007.69     1.0
                      496            0  1     4  1000.74  0.007  0.065      46027.0  1000.74     1.0
                      496            0  1     1   263.01  0.003  0.029      45939.0   263.01     1.0
                      504            0  1     4   813.82  0.016  0.159      46079.0   813.82     1.0
Tesla-V100-SXM2-32GB  172            0  1     4  1088.23  0.003  0.034      18603.0  1088.23     1.0
                      172            0  1     1   274.77  0.002  0.023      18549.0   274.77     1.0
                      196            0  1     4  1334.51  0.002  0.024      20892.0  1334.51     1.0
                      256            0  1     4  1333.16  0.003  0.026      26502.0  1333.16     1.0
                      258            0  1     4  1099.15  0.003  0.028      26749.0  1099.15     1.0
                      258            0  1     1   278.01  0.002  0.016      26707.0   278.01     1.0
                      262            0  1     4  1318.64  0.002  0.019      27244.0  1318.64     1.0
                      296            0  1     4  1344.93  0.004  0.041      30420.0  1344.93     1.0
                      302            0  1     4  1130.12  0.002  0.022      30937.0  1130.12     1.0
                      302            0  1     1   284.51  0.001  0.014      30883.0   284.51     1.0
                      312            0  1     4  1358.14  0.002  0.020      31770.0  1358.14     1.0
                      320            0  1     4  1346.13  0.005  0.050      32706.0  1346.13     1.0
                      324            0  1     4  1113.13  0.007  0.067      32767.0  1113.13     1.0
                      324            0  1     1   282.67  0.003  0.028      31741.0   282.67     1.0
                      328            0  1     4  1328.66  0.007  0.068      32746.0  1328.66     1.0
                      334            0  1     4  1089.94  0.011  0.114      32733.0  1089.94     1.0
                      334            0  1     1   281.14  0.005  0.049      32539.0   281.14     1.0
                      336            0  1     4  1089.21  0.012  0.119      32717.0  1089.21     1.0
                      336            0  1     1   280.47  0.005  0.054      32201.0   280.47     1.0
                      344            0  1     4  1115.54  0.008  0.075      32739.0  1115.54     1.0
                      344            0  1     1   283.97  0.003  0.031      32597.0   283.97     1.0
INFO:root:llava-single:
                                  fail  n  ngpu  perf   sem%   std%  peak_memory  score  weight
gpu                   batch_size                                                               
NVIDIA-A100-SXM4-80GB 8              0  1     1  2.37  0.002  0.017      72296.0   2.37     1.0
                      16             0  1     1  2.36  0.002  0.017      72296.0   2.36     1.0
                      32             0  1     1  2.34  0.003  0.028      72242.0   2.34     1.0
                      64             0  1     1  2.13  0.025  0.206      72242.0   2.13     1.0
                      118            0  1     1  1.98  0.018  0.146      72242.0   1.98     1.0
                      128            0  1     1  1.99  0.028  0.231      72494.0   1.99     1.0
                      178            0  1     1  1.98  0.041  0.337      72494.0   1.98     1.0
                      192            0  1     1  1.56  0.036  0.300      72350.0   1.56     1.0
                      208            0  1     1  1.70  0.046  0.381      72244.0   1.70     1.0
                      222            0  1     1  1.83  0.040  0.326      72350.0   1.83     1.0
                      224            0  1     1  1.56  0.041  0.339      72436.0   1.56     1.0
                      230            0  1     1  1.79  0.042  0.349      72548.0   1.79     1.0
                      232            0  1     1  1.49  0.043  0.359      72296.0   1.49     1.0
                      236            0  1     1  1.81  0.042  0.349      72494.0   1.81     1.0
NVIDIA-H100-80GB-HBM3 8              0  1     1  4.05  0.001  0.009      71111.0   4.05     1.0
                      16             0  1     1  4.06  0.001  0.009      71687.0   4.06     1.0
                      32             0  1     1  4.05  0.002  0.014      71939.0   4.05     1.0
                      64             0  1     1  3.59  0.015  0.121      71939.0   3.59     1.0
                      118            0  1     1  3.12  0.004  0.032      72191.0   3.12     1.0
                      128            0  1     1  3.19  0.036  0.298      72245.0   3.19     1.0
                      178            0  1     1  2.77  0.034  0.279      72277.0   2.77     1.0
                      192            0  1     1  2.69  0.036  0.301      71111.0   2.69     1.0
                      208            0  1     1  2.62  0.039  0.321      72193.0   2.62     1.0
                      222            0  1     1  2.88  0.051  0.421      14429.0   2.88     1.0
                      224            0  1     1  2.89  0.051  0.419      72379.0   2.89     1.0
                      230            0  1     1  2.37  0.007  0.054      72191.0   2.37     1.0
                      232            0  1     1  2.53  0.043  0.353      72191.0   2.53     1.0
                      236            0  1     1  3.25  0.050  0.415      19569.0   3.25     1.0
INFO:root:llm-lora-ddp-gpus:
                                  fail  n  ngpu      perf   sem%   std%  peak_memory     score  weight
gpu                   batch_size                                                                      
NVIDIA-A100-SXM4-40GB 14             0  1     4  10173.38  0.004  0.022      40827.0  10173.38     1.0
                      16             0  1     4  10646.19  0.004  0.021      40677.0  10646.19     1.0
                      20             0  1     4  11360.87  0.003  0.016      33051.0  11360.87     1.0
                      24             0  1     4  11775.65  0.003  0.014      37067.0  11775.65     1.0
                      26             0  1     4  11991.27  0.003  0.017      39577.0  11991.27     1.0
NVIDIA-A100-SXM4-80GB 16             0  1     4  11356.31  0.004  0.020      49906.0  11356.31     1.0
                      20             0  1     4  12220.61  0.003  0.015      60194.0  12220.61     1.0
                      24             0  1     4  12614.86  0.002  0.010      69620.0  12614.86     1.0
                      26             0  1     4  12878.78  0.003  0.016      57908.0  12878.78     1.0
                      28             0  1     4  13017.62  0.002  0.011      61830.0  13017.62     1.0
                      30             0  1     4  13262.88  0.002  0.012      65432.0  13262.88     1.0
                      32             0  1     4  13490.90  0.002  0.009      69428.0  13490.90     1.0
NVIDIA-H100-80GB-HBM3 16             0  1     4  23069.29  0.004  0.020      51591.0  23069.29     1.0
                      24             0  1     4  26655.87  0.002  0.010      71403.0  26655.87     1.0
                      28             0  1     4  27708.67  0.002  0.011      63319.0  27708.67     1.0
                      30             0  1     4  28213.51  0.002  0.013      66921.0  28213.51     1.0
                      32             0  1     4  28444.52  0.002  0.010      70917.0  28444.52     1.0
NVIDIA-L40S           10             0  1     4   5447.96  0.003  0.014      38194.0   5447.96     1.0
                      14             0  1     4   6272.27  0.004  0.020      44036.0   6272.27     1.0
                      16             0  1     4   6633.28  0.004  0.020      44076.0   6633.28     1.0
                      18             0  1     4   6874.28  0.003  0.015      43634.0   6874.28     1.0
Quadro-RTX-8000       1              0  1     4    207.48  0.011  0.058      12167.0    207.48     1.0
Tesla-V100-SXM2-32GB  1              0  1     4    349.53  0.010  0.052      12288.0    349.53     1.0
                      2              0  1     4    520.45  0.010  0.053      17510.0    520.45     1.0
INFO:root:llm-lora-mp-gpus:
                                  fail  n  ngpu     perf   sem%   std%  peak_memory    score  weight
gpu                   batch_size                                                                    
NVIDIA-A100-SXM4-80GB 10             0  1     4  1198.36  0.019  0.100      72262.0  1198.36     1.0
                      14             0  1     4  1328.60  0.019  0.100      78256.0  1328.60     1.0
                      16             0  1     4  1393.13  0.020  0.104      81496.0  1393.13     1.0
                      18             0  1     4  1437.52  0.024  0.127      80906.0  1437.52     1.0
NVIDIA-H100-80GB-HBM3 10             0  1     4  2345.73  0.017  0.088      73751.0  2345.73     1.0
                      14             0  1     4  2712.31  0.016  0.087      79769.0  2712.31     1.0
                      16             0  1     4  2858.09  0.018  0.093      81159.0  2858.09     1.0
                      18             0  1     4  2975.65  0.021  0.110      81391.0  2975.65     1.0
INFO:root:llm-lora-single:
                                  fail  n  ngpu     perf   sem%   std%  peak_memory    score  weight
gpu                   batch_size                                                                    
NVIDIA-A100-SXM4-40GB 6              0  1     1  2348.04  0.006  0.031      28159.0  2348.04     1.0
                      8              0  1     1  2587.52  0.007  0.038      37481.0  2587.52     1.0
                      10             0  1     1  2787.66  0.004  0.021      35769.0  2787.66     1.0
                      12             0  1     1  2896.61  0.003  0.015      38519.0  2896.61     1.0
NVIDIA-A100-SXM4-80GB 16             0  1     1  3283.03  0.002  0.009      71942.0  3283.03     1.0
                      24             0  1     1  3513.42  0.001  0.005      74708.0  3513.42     1.0
                      28             0  1     1  3583.46  0.001  0.004      70212.0  3583.46     1.0
                      30             0  1     1  3609.02  0.001  0.007      74376.0  3609.02     1.0
                      32             0  1     1  3647.89  0.001  0.005      77308.0  3647.89     1.0
NVIDIA-H100-80GB-HBM3 18             0  1     1  7044.69  0.002  0.010      61407.0  7044.69     1.0
                      20             0  1     1  7224.75  0.002  0.009      65795.0  7224.75     1.0
                      28             0  1     1  7716.84  0.001  0.006      70085.0  7716.84     1.0
                      30             0  1     1  7799.89  0.001  0.005      74281.0  7799.89     1.0
                      32             0  1     1  7871.43  0.001  0.005      77215.0  7871.43     1.0
                      34             0  1     1  7936.42  0.001  0.005      68277.0  7936.42     1.0
                      36             0  1     1  8014.35  0.001  0.005      71301.0  8014.35     1.0
                      38             0  1     1  8058.11  0.001  0.005      74297.0  8058.11     1.0
NVIDIA-L40S           8              0  1     1  2618.45  0.001  0.005      32536.0  2618.45     1.0
                      12             0  1     1  2418.53  0.002  0.011      42318.0  2418.53     1.0
                      14             0  1     1  2367.11  0.001  0.005      43712.0  2367.11     1.0
                      16             0  1     1  2349.37  0.001  0.003      44964.0  2349.37     1.0
Quadro-RTX-8000       1              0  1     1   127.63  0.008  0.045      22951.0   127.63     1.0
                      2              0  1     1   157.89  0.004  0.020      27453.0   157.89     1.0
Tesla-V100-SXM2-32GB  1              0  1     1   116.93  0.010  0.052      22853.0   116.93     1.0
                      2              0  1     1   153.67  0.006  0.030      27355.0   153.67     1.0
INFO:root:pna:
                                  fail  n  ngpu     perf   sem%   std%  peak_memory    score  weight
gpu                   batch_size                                                                    
NVIDIA-A100-SXM4-40GB 3008           0  1     1  3762.15  0.015  0.117      20577.0  3762.15     1.0
                      4096           0  1     1  3850.67  0.016  0.119      27599.0  3850.67     1.0
                      4512           0  1     1  3930.21  0.006  0.046      31511.0  3930.21     1.0
                      5120           0  1     1  3850.45  0.015  0.116      34341.0  3850.45     1.0
                      5264           0  1     1  3982.76  0.009  0.066      36379.0  3982.76     1.0
                      5632           0  1     1  4027.84  0.006  0.046      37849.0  4027.84     1.0
                      5640           0  1     1  3975.73  0.006  0.047      37849.0  3975.73     1.0
                      5828           0  1     1  3942.45  0.008  0.064      39761.0  3942.45     1.0
                      5888           0  1     1  4011.10  0.006  0.043      39685.0  4011.10     1.0
                      6016           0  1     1  3978.02  0.013  0.097      40369.0  3978.02     1.0
NVIDIA-A100-SXM4-80GB 640            0  1     1  2993.51  0.015  0.113      77444.0  2993.51     1.0
                      1024           0  1     1  3756.23  0.017  0.130      79992.0  3756.23     1.0
                      1280           0  1     1  4072.64  0.017  0.128      81308.0  4072.64     1.0
                      6016           0  1     1  3904.16  0.010  0.075      57808.0  3904.16     1.0
                      8192           0  1     1  3360.61  0.015  0.114      55474.0  3360.61     1.0
                      9024           0  1     1  4121.58  0.011  0.083      61236.0  4121.58     1.0
                      10240          0  1     1  3369.62  0.015  0.116      69180.0  3369.62     1.0
                      10528          0  1     1  4222.72  0.007  0.055      73022.0  4222.72     1.0
                      11264          0  1     1  3341.14  0.015  0.118      76466.0  3341.14     1.0
                      11280          0  1     1  3645.99  0.008  0.060      76636.0  3645.99     1.0
                      11656          0  1     1  3760.50  0.005  0.042      78452.0  3760.50     1.0
                      11776          0  1     1  2946.27  0.005  0.041      79960.0  2946.27     1.0
                      12032          0  1     1  3870.76  0.016  0.122      81582.0  3870.76     1.0
NVIDIA-H100-80GB-HBM3 6016           0  1     1  5808.59  0.006  0.043      57705.0  5808.59     1.0
                      8192           0  1     1  5904.83  0.006  0.046      55097.0  5904.83     1.0
                      9024           0  1     1  5680.44  0.011  0.081      60475.0  5680.44     1.0
                      10240          0  1     1  5771.28  0.005  0.041      70825.0  5771.28     1.0
                      10528          0  1     1  5815.16  0.004  0.030      72883.0  5815.16     1.0
                      11264          0  1     1  5775.18  0.005  0.042      76485.0  5775.18     1.0
                      11280          0  1     1  5672.92  0.005  0.038      76495.0  5672.92     1.0
                      11656          0  1     1  5800.94  0.008  0.062      78275.0  5800.94     1.0
                      11776          0  1     1  5866.61  0.008  0.062      79509.0  5866.61     1.0
                      12032          0  1     1  5850.11  0.007  0.057      81467.0  5850.11     1.0
NVIDIA-L40S           3392           0  1     1  3921.66  0.010  0.076      22884.0  3921.66     1.0
                      4096           0  1     1  3782.04  0.008  0.060      27626.0  3782.04     1.0
                      5088           0  1     1  3647.20  0.007  0.053      34310.0  3647.20     1.0
                      5936           0  1     1  3638.24  0.004  0.033      39986.0  3638.24     1.0
                      6144           0  1     1  3608.67  0.007  0.056      42572.0  3608.67     1.0
                      6360           0  1     1  3574.46  0.003  0.026      42810.0  3574.46     1.0
                      6572           0  1     1  3607.77  0.007  0.057      44470.0  3607.77     1.0
                      6656           0  1     1  3450.41  0.016  0.126      44704.0  3450.41     1.0
                      6784           0  1     1  3581.43  0.004  0.034      45732.0  3581.43     1.0
Quadro-RTX-8000       3392           0  1     1  2227.68  0.006  0.044      22951.0  2227.68     1.0
                      4096           0  1     1  2246.55  0.005  0.035      39089.0  2246.55     1.0
                      5088           0  1     1  2247.66  0.004  0.033      34255.0  2247.66     1.0
                      5936           0  1     1  2263.24  0.003  0.022      39873.0  2263.24     1.0
                      6144           0  1     1  2265.38  0.003  0.021      42443.0  2265.38     1.0
                      6360           0  1     1  2227.44  0.003  0.022      42685.0  2227.44     1.0
                      6572           0  1     1  2244.86  0.005  0.035      45453.0  2244.86     1.0
                      6656           0  1     1  2207.64  0.015  0.119      44755.0  2207.64     1.0
                      6784           0  1     1  2256.52  0.004  0.031      45545.0  2256.52     1.0
Tesla-V100-SXM2-32GB  2432           0  1     1  2042.62  0.011  0.088      16913.0  2042.62     1.0
                      3648           0  1     1  2414.23  0.009  0.067      25475.0  2414.23     1.0
                      4096           0  1     1  2341.90  0.007  0.052      27401.0  2341.90     1.0
                      4256           0  1     1  2454.11  0.006  0.044      28495.0  2454.11     1.0
                      4560           0  1     1  2465.13  0.004  0.029      30491.0  2465.13     1.0
                      4608           0  1     1  2108.31  0.006  0.044      31059.0  2108.31     1.0
                      4712           0  1     1  2492.96  0.005  0.035      31625.0  2492.96     1.0
                      4864           0  1     1  2054.28  0.003  0.023      32583.0  2054.28     1.0
INFO:root:ppo:
                                  fail  n  ngpu       perf   sem%   std%  peak_memory      score  weight
gpu                   batch_size                                                                        
NVIDIA-A100-SXM4-40GB 7808           0  1     1  103018.72  0.548  0.775      31323.0  103018.72     1.0
                      8192           0  1     1   24733.84  0.000  0.000      31321.0   24733.84     1.0
                      11712          0  1     1   30930.87  0.000  0.000      31323.0   30930.87     1.0
                      12288          0  1     1   31983.73  0.000  0.000      31323.0   31983.73     1.0
                      13664          0  1     1   33942.47  0.000  0.000      31323.0   33942.47     1.0
                      14336          0  1     1   34822.37  0.000  0.000      31323.0   34822.37     1.0
                      14640          0  1     1   35360.36  0.000  0.000      31323.0   35360.36     1.0
                      15128          0  1     1   35453.45  0.000  0.000      31323.0   35453.45     1.0
                      15360          0  1     1   36539.69  0.000  0.000      31323.0   36539.69     1.0
                      15616          0  1     1   36402.85  0.000  0.000      31323.0   36402.85     1.0
NVIDIA-A100-SXM4-80GB 7808           0  1     1  104488.20  0.546  0.773      62104.0  104488.20     1.0
                      8192           0  1     1   25388.50  0.000  0.000      62104.0   25388.50     1.0
                      11712          0  1     1   31142.09  0.000  0.000      62104.0   31142.09     1.0
                      12288          0  1     1   32880.87  0.000  0.000      62104.0   32880.87     1.0
                      13664          0  1     1   34863.49  0.000  0.000      62104.0   34863.49     1.0
                      14336          0  1     1   35713.94  0.000  0.000      62104.0   35713.94     1.0
                      14640          0  1     1   34764.93  0.000  0.000      62104.0   34764.93     1.0
                      15128          0  1     1   35794.81  0.000  0.000      62104.0   35794.81     1.0
                      15360          0  1     1   37335.21  0.000  0.000      62104.0   37335.21     1.0
                      15616          0  1     1   37639.30  0.000  0.000      62016.0   37639.30     1.0
NVIDIA-H100-80GB-HBM3 7808           0  1     1  121597.10  0.547  0.774      62367.0  121597.10     1.0
                      8192           0  1     1   29358.77  0.000  0.000      62365.0   29358.77     1.0
                      11712          0  1     1   36293.47  0.000  0.000      62367.0   36293.47     1.0
                      12288          0  1     1   37000.15  0.000  0.000      62367.0   37000.15     1.0
                      13664          0  1     1   35245.31  0.000  0.000      62367.0   35245.31     1.0
                      14336          0  1     1   41360.06  0.000  0.000      62367.0   41360.06     1.0
                      14640          0  1     1   41965.08  0.000  0.000      62367.0   41965.08     1.0
                      15128          0  1     1   42181.62  0.000  0.000      62367.0   42181.62     1.0
                      15360          0  1     1   42888.50  0.000  0.000      62367.0   42888.50     1.0
                      15616          0  1     1   43504.87  0.000  0.000      62367.0   43504.87     1.0
NVIDIA-L40S           7808           0  1     1  153479.00  0.587  0.830      35166.0  153479.00     1.0
                      8192           0  1     1   28236.05  0.000  0.000      35166.0   28236.05     1.0
                      11712          0  1     1   35480.10  0.000  0.000      35166.0   35480.10     1.0
                      12288          0  1     1   36773.23  0.000  0.000      35166.0   36773.23     1.0
                      13664          0  1     1   40036.68  0.000  0.000      35166.0   40036.68     1.0
                      14336          0  1     1   41430.37  0.000  0.000      35166.0   41430.37     1.0
                      14640          0  1     1   41723.30  0.000  0.000      35166.0   41723.30     1.0
                      15128          0  1     1   41758.09  0.000  0.000      35166.0   41758.09     1.0
                      15360          0  1     1   43130.12  0.000  0.000      35166.0   43130.12     1.0
                      15616          0  1     1   43928.23  0.000  0.000      35166.0   43928.23     1.0
Quadro-RTX-8000       7808           0  1     1  114554.47  0.558  0.789      34953.0  114554.47     1.0
                      8192           0  1     1   25341.83  0.000  0.000      34953.0   25341.83     1.0
                      11712          0  1     1   30728.31  0.000  0.000      34953.0   30728.31     1.0
                      12288          0  1     1   33591.28  0.000  0.000      34955.0   33591.28     1.0
                      13664          0  1     1   36005.97  0.000  0.000      34955.0   36005.97     1.0
                      14336          0  1     1   36722.58  0.000  0.000      34955.0   36722.58     1.0
                      14640          0  1     1   37829.65  0.000  0.000      34953.0   37829.65     1.0
                      15128          0  1     1   37799.17  0.000  0.000      34955.0   37799.17     1.0
                      15360          0  1     1   38749.02  0.000  0.000      34953.0   38749.02     1.0
                      15616          0  1     1   39020.41  0.000  0.000      34955.0   39020.41     1.0
Tesla-V100-SXM2-32GB  7808           0  1     1   80992.68  0.536  0.758      25079.0   80992.68     1.0
                      8192           0  1     1   20463.04  0.000  0.000      25077.0   20463.04     1.0
                      11712          0  1     1   25859.21  0.000  0.000      25077.0   25859.21     1.0
                      12288          0  1     1   26822.29  0.000  0.000      25079.0   26822.29     1.0
                      13664          0  1     1   28453.06  0.000  0.000      25077.0   28453.06     1.0
                      14336          0  1     1   29021.74  0.000  0.000      25079.0   29021.74     1.0
                      14640          0  1     1   28354.86  0.000  0.000      25079.0   28354.86     1.0
                      15128          0  1     1   29651.82  0.000  0.000      25079.0   29651.82     1.0
                      15360          0  1     1   30515.60  0.000  0.000      25077.0   30515.60     1.0
                      15616          0  1     1   30847.17  0.000  0.000      25077.0   30847.17     1.0
INFO:root:recursiongfn:
                                  fail  n  ngpu      perf   sem%   std%  peak_memory     score  weight
gpu                   batch_size                                                                      
NVIDIA-A100-SXM4-40GB 108            0  1     1   8302.59  0.024  0.183       4763.0   8302.59     1.0
                      120            0  1     1   9567.70  0.029  0.225      16791.0   9567.70     1.0
                      128            0  1     1   9376.84  0.024  0.182      10877.0   9376.84     1.0
                      162            0  1     1   9306.59  0.021  0.163       9379.0   9306.59     1.0
                      180            0  1     1   8784.79  0.019  0.143       8267.0   8784.79     1.0
                      190            0  1     1   9583.41  0.022  0.171       9653.0   9583.41     1.0
                      192            0  1     1   9916.13  0.020  0.152      19013.0   9916.13     1.0
                      204            0  1     1   9936.11  0.023  0.173      15253.0   9936.11     1.0
                      208            0  1     1  10632.28  0.025  0.190      12765.0  10632.28     1.0
                      210            0  1     1  10256.86  0.022  0.171      12765.0  10256.86     1.0
                      216            0  1     1   9617.24  0.021  0.160      13347.0   9617.24     1.0
                      224            0  1     1   9310.46  0.017  0.134      11275.0   9310.46     1.0
                      226            0  1     1   9796.26  0.014  0.111      14261.0   9796.26     1.0
                      240            0  1     1   6537.35  0.052  0.399       7429.0   6537.35     1.0
NVIDIA-A100-SXM4-80GB 108            0  1     1   8845.42  0.031  0.236       7384.0   8845.42     1.0
                      114            0  1     1   8960.94  0.020  0.155       6782.0   8960.94     1.0
                      128            0  1     1   6816.64  0.045  0.345       4698.0   6816.64     1.0
                      162            0  1     1  10990.64  0.021  0.165      11454.0  10990.64     1.0
                      172            0  1     1   6980.40  0.042  0.324       5034.0   6980.40     1.0
                      190            0  1     1  10057.28  0.015  0.119      15152.0  10057.28     1.0
                      192            0  1     1  10774.44  0.023  0.174      19156.0  10774.44     1.0
                      200            0  1     1   9370.42  0.015  0.112      11290.0   9370.42     1.0
                      204            0  1     1  10167.01  0.023  0.180       9452.0  10167.01     1.0
                      208            0  1     1  10251.55  0.017  0.133      14918.0  10251.55     1.0
                      210            0  1     1  10278.45  0.029  0.221      14018.0  10278.45     1.0
                      214            0  1     1  10516.90  0.027  0.208      12070.0  10516.90     1.0
                      216            0  1     1  10871.48  0.023  0.175      12952.0  10871.48     1.0
                      222            0  1     1   9911.58  0.017  0.134      15392.0   9911.58     1.0
                      224            0  1     1   7227.19  0.048  0.371      10630.0   7227.19     1.0
                      228            0  1     1  10729.81  0.013  0.103      18216.0  10729.81     1.0
NVIDIA-H100-80GB-HBM3 110            0  1     1  11917.29  0.026  0.199       6487.0  11917.29     1.0
                      120            0  1     1  12664.12  0.022  0.168       7559.0  12664.12     1.0
                      128            0  1     1  12003.74  0.017  0.129       7937.0  12003.74     1.0
                      166            0  1     1  12350.64  0.017  0.133       9613.0  12350.64     1.0
                      180            0  1     1  12918.66  0.022  0.171      22781.0  12918.66     1.0
                      192            0  1     1  14371.61  0.018  0.135      12533.0  14371.61     1.0
                      194            0  1     1  13369.95  0.025  0.190      12877.0  13369.95     1.0
                      208            0  1     1  14516.11  0.020  0.155      33109.0  14516.11     1.0
                      210            0  1     1  13878.51  0.018  0.136      12091.0  13878.51     1.0
                      214            0  1     1  13766.62  0.022  0.167      12175.0  13766.62     1.0
                      216            0  1     1  13343.99  0.018  0.141      14975.0  13343.99     1.0
                      220            0  1     1  13360.68  0.016  0.123      12051.0  13360.68     1.0
                      224            0  1     1  12630.67  0.016  0.122      21087.0  12630.67     1.0
                      226            0  1     1  12851.61  0.014  0.108      18189.0  12851.61     1.0
                      240            0  1     1  13220.27  0.013  0.097      13699.0  13220.27     1.0
NVIDIA-L40S           120            0  1     1  13272.82  0.023  0.177       7792.0  13272.82     1.0
                      122            0  1     1  12060.77  0.015  0.119       7410.0  12060.77     1.0
                      128            0  1     1  12887.07  0.015  0.115       8788.0  12887.07     1.0
                      180            0  1     1  11954.05  0.015  0.119      10006.0  11954.05     1.0
                      184            0  1     1  11479.36  0.015  0.113      12366.0  11479.36     1.0
                      192            0  1     1  13539.44  0.019  0.149      13160.0  13539.44     1.0
                      210            0  1     1  14758.37  0.016  0.122      13416.0  14758.37     1.0
                      214            0  1     1  14095.11  0.018  0.139      10962.0  14095.11     1.0
                      224            0  1     1   8443.25  0.055  0.424       6260.0   8443.25     1.0
                      230            0  1     1  12790.26  0.012  0.094      17762.0  12790.26     1.0
                      234            0  1     1   9978.58  0.045  0.347       8904.0   9978.58     1.0
                      240            0  1     1   9727.37  0.044  0.337       8596.0   9727.37     1.0
                      244            0  1     1   9044.20  0.047  0.364       7424.0   9044.20     1.0
Quadro-RTX-8000       110            0  1     1   6761.36  0.023  0.174       7877.0   6761.36     1.0
                      128            0  1     1   7545.55  0.023  0.176       5955.0   7545.55     1.0
                      166            0  1     1   7455.16  0.018  0.137       8395.0   7455.16     1.0
                      192            0  1     1   7351.66  0.018  0.137      14723.0   7351.66     1.0
                      194            0  1     1   7782.41  0.020  0.157      10117.0   7782.41     1.0
                      208            0  1     1   7944.02  0.016  0.121      19387.0   7944.02     1.0
                      214            0  1     1   8259.78  0.013  0.098      13465.0   8259.78     1.0
                      216            0  1     1   8312.54  0.017  0.128      18429.0   8312.54     1.0
                      220            0  1     1   7745.14  0.016  0.126      11241.0   7745.14     1.0
Tesla-V100-SXM2-32GB  128            0  1     1   3982.61  0.041  0.314       5411.0   3982.61     1.0
                      192            0  1     1   5349.75  0.016  0.120      10333.0   5349.75     1.0
                      248            0  1     1   3928.93  0.052  0.397       9151.0   3928.93     1.0
                      256            0  1     1   5378.81  0.010  0.074      24081.0   5378.81     1.0
INFO:root:reformer:
                                  fail  n  ngpu    perf   sem%   std%  peak_memory   score  weight
gpu                   batch_size                                                                  
NVIDIA-A100-SXM4-40GB 56             0  1     1   54.61  0.000  0.002      21883.0   54.61     1.0
                      64             0  1     1   54.68  0.000  0.001      24867.0   54.68     1.0
                      84             0  1     1   54.94  0.000  0.001      32327.0   54.94     1.0
                      96             0  1     1   54.95  0.000  0.002      36803.0   54.95     1.0
                      98             0  1     1   54.98  0.000  0.002      37549.0   54.98     1.0
                      104            0  1     1   55.02  0.000  0.001      39787.0   55.02     1.0
                      108            0  1     1   55.07  0.000  0.001      40199.0   55.07     1.0
                      110            0  1     1   55.07  0.000  0.001      40925.0   55.07     1.0
NVIDIA-A100-SXM4-80GB 110            0  1     1   63.23  0.000  0.001      42270.0   63.23     1.0
                      128            0  1     1   63.34  0.000  0.001      48984.0   63.34     1.0
                      166            0  1     1   63.50  0.000  0.001      63158.0   63.50     1.0
                      192            0  1     1   63.41  0.000  0.001      72856.0   63.41     1.0
                      194            0  1     1   63.41  0.000  0.001      73602.0   63.41     1.0
                      208            0  1     1   63.44  0.000  0.001      78824.0   63.44     1.0
                      214            0  1     1   63.46  0.000  0.001      81062.0   63.46     1.0
                      216            0  1     1   63.41  0.000  0.001      81808.0   63.41     1.0
                      220            0  1     1   63.47  0.000  0.001      81100.0   63.47     1.0
NVIDIA-H100-80GB-HBM3 110            0  1     1  104.88  0.000  0.001      42131.0  104.88     1.0
                      128            0  1     1  105.21  0.000  0.001      48845.0  105.21     1.0
                      166            0  1     1  105.40  0.000  0.001      63019.0  105.40     1.0
                      192            0  1     1  105.18  0.000  0.001      72717.0  105.18     1.0
                      194            0  1     1  105.18  0.000  0.001      73463.0  105.18     1.0
                      208            0  1     1  105.31  0.000  0.001      78685.0  105.31     1.0
                      214            0  1     1  105.26  0.000  0.001      80923.0  105.26     1.0
                      216            0  1     1  105.25  0.000  0.001      79509.0  105.25     1.0
                      220            0  1     1  105.29  0.000  0.001      80961.0  105.29     1.0
NVIDIA-L40S           62             0  1     1   29.94  0.000  0.001      24146.0   29.94     1.0
                      64             0  1     1   29.95  0.000  0.001      24892.0   29.95     1.0
                      94             0  1     1   30.00  0.000  0.001      36082.0   30.00     1.0
                      96             0  1     1   30.04  0.000  0.000      36828.0   30.04     1.0
                      110            0  1     1   30.01  0.000  0.000      42050.0   30.01     1.0
                      112            0  1     1   30.05  0.000  0.000      42796.0   30.05     1.0
                      118            0  1     1   30.09  0.000  0.000      45034.0   30.09     1.0
                      120            0  1     1   30.11  0.000  0.000      45780.0   30.11     1.0
                      124            0  1     1   30.09  0.000  0.000      46032.0   30.09     1.0
Quadro-RTX-8000       62             0  1     1   17.68  0.000  0.001      24017.0   17.68     1.0
                      64             0  1     1   17.67  0.001  0.005      24763.0   17.67     1.0
                      94             0  1     1   17.62  0.001  0.006      35953.0   17.62     1.0
                      96             0  1     1   17.63  0.000  0.001      36699.0   17.63     1.0
                      110            0  1     1   17.61  0.000  0.001      41921.0   17.61     1.0
                      112            0  1     1   17.60  0.000  0.001      42667.0   17.60     1.0
                      118            0  1     1   17.59  0.001  0.004      44905.0   17.59     1.0
                      120            0  1     1   17.58  0.000  0.003      45651.0   17.58     1.0
                      124            0  1     1   17.57  0.000  0.002      45903.0   17.57     1.0
Tesla-V100-SXM2-32GB  44             0  1     1   20.49  0.000  0.003      17203.0   20.49     1.0
                      64             0  1     1   20.39  0.000  0.003      24663.0   20.39     1.0
                      66             0  1     1   20.19  0.000  0.003      25409.0   20.19     1.0
                      78             0  1     1   20.05  0.001  0.004      29885.0   20.05     1.0
                      80             0  1     1   20.06  0.001  0.004      30631.0   20.06     1.0
                      84             0  1     1   20.07  0.000  0.002      32123.0   20.07     1.0
                      88             0  1     1   20.03  0.000  0.003      32735.0   20.03     1.0
INFO:root:regnet_y_128gf:
                                  fail  n  ngpu    perf   sem%   std%  peak_memory   score  weight
gpu                   batch_size                                                                  
NVIDIA-A100-SXM4-40GB 56             0  1     1  115.41  0.000  0.003      26253.0  115.41     2.0
                      64             0  1     1  117.46  0.000  0.004      29225.0  117.46     2.0
                      84             0  1     1  119.31  0.001  0.004      36673.0  119.31     2.0
                      96             0  1     1  120.72  0.004  0.030      38853.0  120.72     2.0
                      98             0  1     1  120.96  0.003  0.026      39903.0  120.96     2.0
                      106            0  1     1  120.44  0.004  0.034      38913.0  120.44     2.0
                      110            0  1     1  125.29  0.006  0.043      40875.0  125.29     2.0
                      112            0  1     1  104.55  0.002  0.014      40597.0  104.55     2.0
NVIDIA-A100-SXM4-80GB 118            0  1     1  129.37  0.000  0.003      50004.0  129.37     2.0
                      128            0  1     1  129.14  0.000  0.002      53270.0  129.14     2.0
                      178            0  1     1  128.40  0.000  0.002      72234.0  128.40     2.0
                      192            0  1     1  128.60  0.000  0.002      77404.0  128.60     2.0
                      208            0  1     1  127.97  0.004  0.028      78606.0  127.97     2.0
                      222            0  1     1  132.81  0.007  0.055      76460.0  132.81     2.0
                      224            0  1     1  127.50  0.007  0.051      76794.0  127.50     2.0
                      230            0  1     1  128.44  0.002  0.016      79480.0  128.44     2.0
                      232            0  1     1  127.79  0.007  0.053      80786.0  127.79     2.0
                      236            0  1     1  128.06  0.003  0.025      81442.0  128.06     2.0
NVIDIA-H100-80GB-HBM3 118            0  1     1  229.50  0.000  0.003      51263.0  229.50     2.0
                      128            0  1     1  233.47  0.000  0.003      56373.0  233.47     2.0
                      178            0  1     1  224.18  0.000  0.002      76523.0  224.18     2.0
                      192            0  1     1  229.61  0.000  0.002      80247.0  229.61     2.0
                      208            0  1     1  223.32  0.000  0.002      78837.0  223.32     2.0
                      222            0  1     1  224.59  0.000  0.002      80053.0  224.59     2.0
                      224            0  1     1  224.81  0.000  0.002      77623.0  224.81     2.0
                      230            0  1     1  224.06  0.000  0.002      79415.0  224.06     2.0
                      232            0  1     1  224.85  0.000  0.002      80033.0  224.85     2.0
                      236            0  1     1  221.24  0.000  0.002      81547.0  221.24     2.0
NVIDIA-L40S           64             0  1     1   93.03  0.001  0.004      28810.0   93.03     2.0
                      96             0  1     1   94.61  0.001  0.004      40250.0   94.61     2.0
                      112            0  1     1   93.14  0.001  0.005      45120.0   93.14     2.0
                      120            0  1     1   93.26  0.001  0.004      45602.0   93.26     2.0
                      124            0  1     1   92.62  0.004  0.030      45294.0   92.62     2.0
                      128            0  1     1   93.16  0.004  0.033      45998.0   93.16     2.0
Quadro-RTX-8000       64             0  1     1   37.51  0.001  0.006      29941.0   37.51     2.0
                      96             0  1     1   37.87  0.001  0.005      41125.0   37.87     2.0
                      112            0  1     1   37.21  0.001  0.011      45413.0   37.21     2.0
                      120            0  1     1   36.93  0.001  0.010      45571.0   36.93     2.0
                      124            0  1     1   31.96  0.002  0.019      45419.0   31.96     2.0
                      126            0  1     1   30.52  0.003  0.024      44639.0   30.52     2.0
Tesla-V100-SXM2-32GB  44             0  1     1   30.14  0.001  0.006      20517.0   30.14     2.0
                      64             0  1     1   34.03  0.001  0.006      27243.0   34.03     2.0
                      66             0  1     1   34.32  0.001  0.006      28947.0   34.32     2.0
                      76             0  1     1   34.28  0.001  0.005      31873.0   34.28     2.0
                      80             0  1     1   35.18  0.002  0.013      32467.0   35.18     2.0
                      82             0  1     1   34.28  0.002  0.014      31259.0   34.28     2.0
                      84             0  1     1   34.30  0.001  0.006      32491.0   34.30     2.0
                      86             0  1     1   33.11  0.002  0.013      32681.0   33.11     2.0
INFO:root:resnet50:
                                  fail  n  ngpu     perf   sem%   std%  peak_memory    score  weight
gpu                   batch_size                                                                    
NVIDIA-A100-SXM4-40GB 464            0  1     1  1138.70  0.008  0.065      25175.0  1138.70     1.0
                      512            0  1     1  1115.31  0.008  0.064      27651.0  1115.31     1.0
                      696            0  1     1  1153.00  0.006  0.043      37179.0  1153.00     1.0
                      768            0  1     1  1146.39  0.008  0.059      40873.0  1146.39     1.0
                      812            0  1     1  1148.94  0.011  0.081      39235.0  1148.94     1.0
                      870            0  1     1  1200.88  0.006  0.042      40571.0  1200.88     1.0
                      896            0  1     1   949.73  0.011  0.081      39285.0   949.73     1.0
                      900            0  1     1  1176.34  0.011  0.086      40641.0  1176.34     1.0
                      928            0  1     1  1152.09  0.013  0.096      40835.0  1152.09     1.0
NVIDIA-A100-SXM4-80GB 944            0  1     1  1152.65  0.011  0.088      50246.0  1152.65     1.0
                      1024           0  1     1  1255.70  0.006  0.048      54362.0  1255.70     1.0
                      1416           0  1     1  1190.93  0.014  0.107      74334.0  1190.93     1.0
                      1536           0  1     1  1240.53  0.014  0.110      80450.0  1240.53     1.0
                      1652           0  1     1  1227.86  0.012  0.092      78694.0  1227.86     1.0
                      1770           0  1     1  1234.28  0.007  0.056      76920.0  1234.28     1.0
                      1792           0  1     1  1163.24  0.014  0.106      78242.0  1163.24     1.0
                      1830           0  1     1  1216.65  0.014  0.109      81674.0  1216.65     1.0
                      1856           0  1     1  1180.17  0.009  0.066      81406.0  1180.17     1.0
                      1888           0  1     1  1210.38  0.013  0.097      81730.0  1210.38     1.0
NVIDIA-H100-80GB-HBM3 944            0  1     1  1991.00  0.003  0.020      49531.0  1991.00     1.0
                      1024           0  1     1  2000.96  0.004  0.034      53603.0  2000.96     1.0
                      1416           0  1     1  1994.28  0.005  0.040      73705.0  1994.28     1.0
                      1536           0  1     1  2021.65  0.013  0.102      79767.0  2021.65     1.0
                      1652           0  1     1  1945.04  0.008  0.062      77205.0  1945.04     1.0
                      1770           0  1     1  2036.51  0.003  0.023      76497.0  2036.51     1.0
                      1792           0  1     1  2031.47  0.004  0.028      79197.0  2031.47     1.0
                      1830           0  1     1  2036.52  0.006  0.043      80545.0  2036.52     1.0
                      1856           0  1     1  2031.24  0.008  0.059      80447.0  2031.24     1.0
                      1888           0  1     1  2026.29  0.007  0.056      81527.0  2026.29     1.0
NVIDIA-L40S           528            0  1     1   860.64  0.014  0.107      27492.0   860.64     1.0
                      792            0  1     1   862.41  0.002  0.015      40592.0   862.41     1.0
                      924            0  1     1   851.60  0.004  0.031      43462.0   851.60     1.0
                      990            0  1     1   843.23  0.008  0.065      45338.0   843.23     1.0
                      1024           0  1     1   841.10  0.008  0.061      44674.0   841.10     1.0
                      1056           0  1     1   834.23  0.008  0.061      46036.0   834.23     1.0
Quadro-RTX-8000       528            0  1     1   544.39  0.000  0.004      27933.0   544.39     1.0
                      792            0  1     1   537.19  0.002  0.013      41315.0   537.19     1.0
                      924            0  1     1   533.11  0.002  0.018      45655.0   533.11     1.0
                      990            0  1     1   532.76  0.000  0.002      43709.0   532.76     1.0
                      1024           0  1     1   526.81  0.003  0.023      45827.0   526.81     1.0
                      1056           0  1     1   525.51  0.004  0.027      45979.0   525.51     1.0
Tesla-V100-SXM2-32GB  376            0  1     1   537.94  0.001  0.011      20011.0   537.94     1.0
                      512            0  1     1   530.85  0.002  0.013      26879.0   530.85     1.0
                      564            0  1     1   532.27  0.001  0.010      29585.0   532.27     1.0
                      640            0  1     1   521.53  0.007  0.055      31879.0   521.53     1.0
                      658            0  1     1   528.69  0.001  0.011      32755.0   528.69     1.0
                      704            0  1     1   528.71  0.001  0.011      32663.0   528.71     1.0
                      706            0  1     1   537.03  0.003  0.024      32719.0   537.03     1.0
                      730            0  1     1   528.87  0.006  0.050      32559.0   528.87     1.0
                      736            0  1     1   524.99  0.005  0.040      32753.0   524.99     1.0
                      752            0  1     1   515.74  0.007  0.055      32705.0   515.74     1.0
INFO:root:rlhf-gpus:
                                  fail  n  ngpu      perf   sem%   std%  peak_memory     score  weight
gpu                   batch_size                                                                      
NVIDIA-A100-SXM4-40GB 80             0  1     4   6132.37  0.003  0.023      24097.0   6132.37     1.0
                      120            0  1     4   6648.29  0.004  0.021      32595.0   6648.29     1.0
                      128            0  1     4   6773.05  0.004  0.019      34237.0   6773.05     1.0
                      140            0  1     4   6285.36  0.003  0.014      36389.0   6285.36     1.0
                      150            0  1     4   6571.20  0.002  0.010      38209.0   6571.20     1.0
                      156            0  1     4   6660.78  0.003  0.013      39569.0   6660.78     1.0
                      160            0  1     4   6673.65  0.002  0.011      39881.0   6673.65     1.0
NVIDIA-A100-SXM4-80GB 180            0  1     4   8542.24  0.006  0.027      44504.0   8542.24     1.0
                      256            0  1     4   7603.72  0.003  0.010      59194.0   7603.72     1.0
                      270            0  1     4   7309.13  0.003  0.010      63236.0   7309.13     1.0
                      316            0  1     4   7531.38  0.003  0.008      72416.0   7531.38     1.0
                      320            0  1     4   7658.92  0.001  0.004      72336.0   7658.92     1.0
                      338            0  1     4   7319.74  0.004  0.011      76898.0   7319.74     1.0
                      350            0  1     4   7417.00  0.003  0.009      79048.0   7417.00     1.0
                      352            0  1     4   7523.81  0.002  0.005      34518.0   7523.81     1.0
                      360            0  1     4   7524.35  0.003  0.008      80610.0   7524.35     1.0
NVIDIA-H100-80GB-HBM3 1              0  1     4    148.68  0.013  0.109       9937.0    148.68     1.0
                      2              0  1     4    319.34  0.008  0.070      11079.0    319.34     1.0
                      176            0  1     4  11494.65  0.021  0.097      38649.0  11494.65     1.0
                      256            0  1     4  12888.31  0.014  0.049      60765.0  12888.31     1.0
                      264            0  1     4  12335.22  0.012  0.042      62689.0  12335.22     1.0
                      308            0  1     4  13431.40  0.018  0.061      17237.0  13431.40     1.0
                      320            0  1     4  13734.48  0.016  0.049      73957.0  13734.48     1.0
                      330            0  1     4  13125.45  0.014  0.044      76359.0  13125.45     1.0
                      342            0  1     4  13604.31  0.013  0.040      17729.0  13604.31     1.0
                      352            0  1     4  13831.80  0.022  0.066      80093.0  13831.80     1.0
NVIDIA-L40S           94             0  1     4   6151.19  0.002  0.014      26180.0   6151.19     1.0
                      128            0  1     4   7275.42  0.001  0.008      32880.0   7275.42     1.0
                      142            0  1     4   7350.48  0.001  0.008      29022.0   7350.48     1.0
                      160            0  1     4   7639.72  0.002  0.009      30676.0   7639.72     1.0
                      166            0  1     4   7808.47  0.002  0.010      40618.0   7808.47     1.0
                      176            0  1     4   7973.87  0.002  0.011      42278.0   7973.87     1.0
                      178            0  1     4   7998.63  0.002  0.008      43194.0   7998.63     1.0
                      184            0  1     4   7660.87  0.002  0.009      44400.0   7660.87     1.0
                      188            0  1     4   7661.70  0.002  0.008      44842.0   7661.70     1.0
Quadro-RTX-8000       88             0  1     4   1737.22  0.002  0.008      26759.0   1737.22     1.0
                      128            0  1     4   1980.72  0.001  0.005      36163.0   1980.72     1.0
                      132            0  1     4   1877.61  0.002  0.011      36687.0   1877.61     1.0
                      154            0  1     4   1982.32  0.002  0.010      41439.0   1982.32     1.0
                      160            0  1     4   2062.21  0.002  0.009      42443.0   2062.21     1.0
                      166            0  1     4   1991.88  0.001  0.007      43639.0   1991.88     1.0
                      172            0  1     4   1995.75  0.002  0.008      45193.0   1995.75     1.0
                      176            0  1     4   2044.97  0.011  0.050      45607.0   2044.97     1.0
Tesla-V100-SXM2-32GB  58             0  1     4   1498.07  0.003  0.021      20739.0   1498.07     1.0
                      64             0  1     4   1677.11  0.003  0.019      21977.0   1677.11     1.0
                      86             0  1     4   1555.66  0.004  0.019      26847.0   1555.66     1.0
                      96             0  1     4   1670.45  0.005  0.024      28593.0   1670.45     1.0
                      100            0  1     4   1631.16  0.004  0.017      29387.0   1631.16     1.0
                      108            0  1     4   1665.13  0.004  0.019      31035.0   1665.13     1.0
                      112            0  1     4   1752.89  0.006  0.028      32075.0   1752.89     1.0
                      114            0  1     4   1724.21  0.004  0.019      32753.0   1724.21     1.0
INFO:root:rlhf-single:
                                  fail  n  ngpu     perf   sem%   std%  peak_memory    score  weight
gpu                   batch_size                                                                    
NVIDIA-A100-SXM4-40GB 86             0  1     1  2029.39  0.002  0.016      11497.0  2029.39     1.0
                      128            0  1     1  1953.46  0.004  0.030      31737.0  1953.46     1.0
                      130            0  1     1  1720.26  0.002  0.017      32119.0  1720.26     1.0
                      152            0  1     1  1790.32  0.001  0.012      36435.0  1790.32     1.0
                      160            0  1     1  1834.25  0.001  0.010      38209.0  1834.25     1.0
                      162            0  1     1  1835.85  0.002  0.013      38463.0  1835.85     1.0
                      168            0  1     1  1857.98  0.002  0.013      39663.0  1857.98     1.0
                      172            0  1     1  1869.10  0.001  0.012      40833.0  1869.10     1.0
NVIDIA-A100-SXM4-80GB 184            0  1     1  2521.10  0.002  0.014      43226.0  2521.10     1.0
                      256            0  1     1  2089.85  0.002  0.016      57176.0  2089.85     1.0
                      276            0  1     1  2014.95  0.002  0.015      62074.0  2014.95     1.0
                      320            0  1     1  2020.20  0.002  0.014      71040.0  2020.20     1.0
                      322            0  1     1  1924.50  0.002  0.014      70504.0  1924.50     1.0
                      346            0  1     1  1955.00  0.001  0.010      75248.0  1955.00     1.0
                      352            0  1     1  1973.87  0.001  0.010      75990.0  1973.87     1.0
                      358            0  1     1  1999.17  0.001  0.009      78140.0  1999.17     1.0
                      368            0  1     1  1991.42  0.002  0.011      80226.0  1991.42     1.0
NVIDIA-H100-80GB-HBM3 184            0  1     1  3935.90  0.002  0.020      42891.0  3935.90     1.0
                      256            0  1     1  4232.78  0.003  0.020      57607.0  4232.78     1.0
                      276            0  1     1  4070.47  0.003  0.020      21441.0  4070.47     1.0
                      320            0  1     1  4408.77  0.003  0.018      70067.0  4408.77     1.0
                      322            0  1     1  4086.07  0.003  0.017      70427.0  4086.07     1.0
                      346            0  1     1  4274.84  0.003  0.017      75153.0  4274.84     1.0
                      352            0  1     1  4476.25  0.002  0.015      76903.0  4476.25     1.0
                      358            0  1     1  4389.82  0.003  0.017      35909.0  4389.82     1.0
                      368            0  1     1  4482.68  0.003  0.018      15001.0  4482.68     1.0
NVIDIA-L40S           98             0  1     1  1865.08  0.002  0.015      25746.0  1865.08     1.0
                      128            0  1     1  1986.74  0.003  0.029      31764.0  1986.74     1.0
                      148            0  1     1  1969.97  0.001  0.010      35884.0  1969.97     1.0
                      172            0  1     1  2081.12  0.001  0.009      40604.0  2081.12     1.0
                      184            0  1     1  2094.16  0.001  0.011      43166.0  2094.16     1.0
                      190            0  1     1  2131.53  0.001  0.012      44328.0  2131.53     1.0
                      192            0  1     1  2096.25  0.002  0.013      45180.0  2096.25     1.0
                      196            0  1     1  2007.95  0.001  0.011      45924.0  2007.95     1.0
Quadro-RTX-8000       32             0  1     1   455.28  0.002  0.019      12945.0   455.28     1.0
                      48             0  1     1   487.29  0.002  0.019      16251.0   487.29     1.0
                      56             0  1     1   513.05  0.002  0.015      17859.0   513.05     1.0
                      60             0  1     1   522.63  0.002  0.017      19093.0   522.63     1.0
                      62             0  1     1   526.97  0.002  0.016      19345.0   526.97     1.0
                      64             0  1     1   534.41  0.001  0.011      19965.0   534.41     1.0
Tesla-V100-SXM2-32GB  32             0  1     1   441.11  0.002  0.018      12787.0   441.11     1.0
                      48             0  1     1   486.06  0.002  0.015      16143.0   486.06     1.0
                      56             0  1     1   500.17  0.002  0.017      17761.0   500.17     1.0
                      60             0  1     1   513.47  0.002  0.015      18995.0   513.47     1.0
                      62             0  1     1   522.06  0.001  0.011      19247.0   522.06     1.0
                      64             0  1     1   519.30  0.002  0.019      19777.0   519.30     1.0
INFO:root:t5:
                                  fail  n  ngpu   perf   sem%   std%  peak_memory  score  weight
gpu                   batch_size                                                                
NVIDIA-A100-SXM4-40GB 10             0  1     1  43.80  0.001  0.007          NaN  43.80     2.0
                      14             0  1     1  45.00  0.001  0.005      29813.0  45.00     2.0
                      16             0  1     1  45.77  0.000  0.003      33853.0  45.77     2.0
                      18             0  1     1  46.12  0.000  0.001      37901.0  46.12     2.0
NVIDIA-A100-SXM4-80GB 20             0  1     1  53.24  0.000  0.004      42200.0  53.24     2.0
                      30             0  1     1  54.70  0.001  0.004      62432.0  54.70     2.0
                      32             0  1     1  54.88  0.000  0.002      66468.0  54.88     2.0
                      36             0  1     1  55.10  0.000  0.001      74564.0  55.10     2.0
                      38             0  1     1  55.44  0.000  0.002      78614.0  55.44     2.0
                      40             0  1     1  55.53  0.003  0.023      81272.0  55.53     2.0
NVIDIA-H100-80GB-HBM3 20             0  1     1  92.67  0.000  0.002          NaN  92.67     2.0
                      30             0  1     1  96.58  0.001  0.005      62305.0  96.58     2.0
                      32             0  1     1  97.23  0.000  0.002      66341.0  97.23     2.0
                      36             0  1     1  98.41  0.000  0.001      74437.0  98.41     2.0
                      38             0  1     1  98.41  0.000  0.001      78487.0  98.41     2.0
                      40             0  1     1  98.68  0.002  0.017      81145.0  98.68     2.0
NVIDIA-L40S           12             0  1     1  31.24  0.000  0.002      25798.0  31.24     2.0
                      16             0  1     1  31.00  0.000  0.002      33876.0  31.00     2.0
                      18             0  1     1  30.81  0.000  0.001      37926.0  30.81     2.0
                      20             0  1     1  30.84  0.000  0.001      41980.0  30.84     2.0
                      22             0  1     1  30.84  0.000  0.001      46028.0  30.84     2.0
Quadro-RTX-8000       12             0  1     1  16.76  0.000  0.000      25669.0  16.76     2.0
                      16             0  1     1  16.97  0.000  0.000      33745.0  16.97     2.0
                      18             0  1     1  17.11  0.000  0.000      37797.0  17.11     2.0
                      20             0  1     1  17.16  0.000  0.000      41851.0  17.16     2.0
                      22             0  1     1  17.21  0.000  0.000      45899.0  17.21     2.0
Tesla-V100-SXM2-32GB  8              0  1     1  21.13  0.001  0.005      17489.0  21.13     2.0
                      12             0  1     1  21.85  0.000  0.003      25571.0  21.85     2.0
                      14             0  1     1  22.24  0.001  0.004      29613.0  22.24     2.0
                      16             0  1     1  22.23  0.001  0.010      32623.0  22.23     2.0
INFO:root:torchatari:
                                  fail  n  ngpu     perf   sem%   std%  peak_memory    score  weight
gpu                   batch_size                                                                    
NVIDIA-A100-SXM4-40GB 1216           0  1     1  7180.44  0.004  0.009      23319.0  7180.44     1.0
                      1824           0  1     1  7193.80  0.004  0.008      34509.0  7193.80     1.0
                      2048           0  1     1  7245.58  0.008  0.014      38627.0  7245.58     1.0
                      2128           0  1     1  7238.78  0.004  0.008      40113.0  7238.78     1.0
                      2280           0  1     1  6387.17  0.003  0.006      40031.0  6387.17     1.0
                      2304           0  1     1  6438.44  0.007  0.011      40441.0  6438.44     1.0
                      2356           0  1     1  6280.50  0.002  0.003      40217.0  6280.50     1.0
                      2432           0  1     1  6370.35  0.006  0.010      40911.0  6370.35     1.0
NVIDIA-A100-SXM4-80GB 2432           0  1     1  7288.56  0.008  0.013      45950.0  7288.56     1.0
                      3648           0  1     1  6849.69  0.031  0.044      68324.0  6849.69     1.0
                      4096           0  1     1  7231.45  0.000  0.000      76562.0  7231.45     1.0
                      4256           0  1     1  7350.73  0.000  0.000      79510.0  7350.73     1.0
                      4560           0  1     1  6323.50  0.000  0.000      79376.0  6323.50     1.0
                      4608           0  1     1  6464.63  0.000  0.000      80194.0  6464.63     1.0
                      4712           0  1     1  6441.95  0.000  0.000      81238.0  6441.95     1.0
                      4864           0  1     1  6382.66  0.000  0.000      81916.0  6382.66     1.0
NVIDIA-H100-80GB-HBM3 2432           0  1     1  6814.90  0.014  0.024      45839.0  6814.90     1.0
                      3648           0  1     1  6857.27  0.001  0.002      68235.0  6857.27     1.0
                      4096           0  1     1  6937.73  0.000  0.000      57479.0  6937.73     1.0
                      4256           0  1     1  6826.30  0.000  0.000      59685.0  6826.30     1.0
                      4560           0  1     1  6832.70  0.000  0.000      63875.0  6832.70     1.0
                      4608           0  1     1  6470.14  0.000  0.000      80463.0  6470.14     1.0
                      4712           0  1     1  6452.65  0.000  0.000      81145.0  6452.65     1.0
                      4864           0  1     1  6449.79  0.000  0.000      81051.0  6449.79     1.0
NVIDIA-L40S           1344           0  1     1  8080.19  0.002  0.003      25068.0  8080.19     1.0
                      2016           0  1     1  7982.15  0.004  0.006      37122.0  7982.15     1.0
                      2048           0  1     1  7976.11  0.003  0.005      37690.0  7976.11     1.0
                      2352           0  1     1  8014.02  0.003  0.005      43130.0  8014.02     1.0
                      2520           0  1     1  7772.84  0.004  0.006      42976.0  7772.84     1.0
                      2560           0  1     1  7768.29  0.003  0.005      43656.0  7768.29     1.0
                      2604           0  1     1  7773.77  0.002  0.003      44374.0  7773.77     1.0
                      2688           0  1     1  7743.18  0.002  0.003      45790.0  7743.18     1.0
Quadro-RTX-8000       1344           0  1     1  3757.39  0.004  0.007      23487.0  3757.39     1.0
                      2016           0  1     1  3775.84  0.008  0.013      34815.0  3775.84     1.0
                      2048           0  1     1  3810.34  0.006  0.011      35347.0  3810.34     1.0
                      2352           0  1     1  3818.39  0.003  0.006      40479.0  3818.39     1.0
                      2520           0  1     1  3786.52  0.004  0.008      43315.0  3786.52     1.0
                      2560           0  1     1  3793.13  0.005  0.009      43983.0  3793.13     1.0
                      2604           0  1     1  3783.63  0.005  0.009      44727.0  3783.63     1.0
                      2688           0  1     1  3787.34  0.004  0.006      45899.0  3787.34     1.0
Tesla-V100-SXM2-32GB  960            0  1     1  4392.70  0.004  0.009      19173.0  4392.70     1.0
                      1024           0  1     1  4647.97  0.004  0.009      17993.0  4647.97     1.0
                      1440           0  1     1  4447.75  0.003  0.005      25013.0  4447.75     1.0
                      1536           0  1     1  4608.41  0.003  0.004      26625.0  4608.41     1.0
                      1680           0  1     1  4437.69  0.004  0.008      29055.0  4437.69     1.0
                      1792           0  1     1  4600.35  0.002  0.005      30937.0  4600.35     1.0
                      1800           0  1     1  4447.40  0.004  0.008      31077.0  4447.40     1.0
                      1860           0  1     1  4436.28  0.006  0.012      32089.0  4436.28     1.0
                      1920           0  1     1  4394.27  0.003  0.006      32359.0  4394.27     1.0
INFO:root:vjepa-gpus:
                                  fail  n  ngpu    perf   sem%   std%  peak_memory   score  weight
gpu                   batch_size                                                                  
NVIDIA-A100-SXM4-40GB 6              0  1     4   47.85  0.018  0.144      30547.0   47.85     1.0
                      8              0  1     4   53.61  0.024  0.189      33535.0   53.61     1.0
                      10             0  1     4   58.00  0.025  0.196      38179.0   58.00     1.0
NVIDIA-A100-SXM4-80GB 22             0  1     4   73.83  0.039  0.310      58392.0   73.83     1.0
                      32             0  1     4   80.56  0.044  0.347      71938.0   80.56     1.0
                      38             0  1     4   81.94  0.046  0.363      79696.0   81.94     1.0
                      40             0  1     4   82.96  0.046  0.363      81722.0   82.96     1.0
                      42             0  1     4   79.84  0.049  0.388      81836.0   79.84     1.0
NVIDIA-H100-80GB-HBM3 20             0  1     4  136.69  0.036  0.282      55637.0  136.69     1.0
                      30             0  1     4  141.94  0.047  0.376      73747.0  141.94     1.0
                      32             0  1     4  145.91  0.048  0.380      73745.0  145.91     1.0
                      34             0  1     4  145.92  0.047  0.375      77727.0  145.92     1.0
                      36             0  1     4  143.49  0.055  0.433      80675.0  143.49     1.0
                      38             0  1     4  142.37  0.053  0.423      79367.0  142.37     1.0
NVIDIA-L40S           8              0  1     4   42.55  0.021  0.166      33568.0   42.55     1.0
                      12             0  1     4   50.72  0.025  0.200      42418.0   50.72     1.0
                      14             0  1     4   54.00  0.025  0.199      43788.0   54.00     1.0
                      16             0  1     4   56.45  0.029  0.231      46044.0   56.45     1.0
Quadro-RTX-8000       4              0  1     4    3.46  0.009  0.073      37511.0    3.46     1.0
                      6              0  1     4    3.73  0.008  0.062      44959.0    3.73     1.0
INFO:root:vjepa-single:
                                  fail  n  ngpu   perf   sem%   std%  peak_memory  score  weight
gpu                   batch_size                                                                
NVIDIA-A100-SXM4-40GB 8              0  1     1  15.43  0.007  0.052      27731.0  15.43     1.0
                      10             0  1     1  17.09  0.006  0.050      30927.0  17.09     1.0
                      12             0  1     1  18.19  0.008  0.060      38579.0  18.19     1.0
                      14             0  1     1  19.23  0.006  0.049      38023.0  19.23     1.0
                      16             0  1     1  19.57  0.014  0.111      38611.0  19.57     1.0
                      18             0  1     1  20.03  0.014  0.115      40385.0  20.03     1.0
NVIDIA-A100-SXM4-80GB 24             0  1     1  22.40  0.017  0.134      57496.0  22.40     1.0
                      32             0  1     1  23.80  0.019  0.149      64144.0  23.80     1.0
                      36             0  1     1  24.44  0.019  0.148      74980.0  24.44     1.0
                      40             0  1     1  24.72  0.019  0.151      78616.0  24.72     1.0
                      42             0  1     1  24.88  0.019  0.149      75218.0  24.88     1.0
                      44             0  1     1  25.24  0.018  0.146      77414.0  25.24     1.0
                      46             0  1     1  24.66  0.023  0.185      79666.0  24.66     1.0
                      48             0  1     1  25.09  0.024  0.190      78850.0  25.09     1.0
NVIDIA-H100-80GB-HBM3 24             0  1     1  41.83  0.017  0.133      55037.0  41.83     1.0
                      32             0  1     1  44.30  0.021  0.167      61115.0  44.30     1.0
                      36             0  1     1  45.12  0.021  0.166      71777.0  45.12     1.0
                      42             0  1     1  46.33  0.021  0.168      77149.0  46.33     1.0
                      46             0  1     1  46.05  0.025  0.200      79195.0  46.05     1.0
                      48             0  1     1  46.56  0.025  0.201      80489.0  46.56     1.0
NVIDIA-L40S           10             0  1     1  15.92  0.006  0.046      31746.0  15.92     1.0
                      16             0  1     1  17.92  0.014  0.113      40940.0  17.92     1.0
                      18             0  1     1  17.70  0.015  0.119      42296.0  17.70     1.0
                      20             0  1     1  18.07  0.014  0.114      43450.0  18.07     1.0
Quadro-RTX-8000       4              0  1     1   1.01  0.012  0.097      32107.0   1.01     1.0
                      8              0  1     1   1.15  0.008  0.065      43197.0   1.15     1.0
INFO:root:whisper:
                                  fail  n  ngpu    perf   sem%   std%  peak_memory   score  weight
gpu                   batch_size                                                                  
NVIDIA-A100-SXM4-40GB 180            0  1     1  538.98  0.005  0.042      22283.0  538.98     1.0
                      256            0  1     1  557.66  0.004  0.032      31301.0  557.66     1.0
                      270            0  1     1  551.63  0.005  0.039      32967.0  551.63     1.0
                      316            0  1     1  545.16  0.004  0.033      38407.0  545.16     1.0
                      320            0  1     1  562.40  0.005  0.036      38859.0  562.40     1.0
                      338            0  1     1  555.27  0.004  0.034      39131.0  555.27     1.0
                      350            0  1     1  558.89  0.004  0.033      40517.0  558.89     1.0
                      352            0  1     1  559.98  0.004  0.031      40443.0  559.98     1.0
                      360            0  1     1  553.35  0.005  0.035      40931.0  553.35     1.0
NVIDIA-A100-SXM4-80GB 256            0  1     1  566.52  0.004  0.034      31546.0  566.52     1.0
                      352            0  1     1  576.99  0.004  0.033      42904.0  576.99     1.0
                      512            0  1     1  595.08  0.004  0.027      61832.0  595.08     1.0
                      528            0  1     1  595.47  0.004  0.028      63766.0  595.47     1.0
                      616            0  1     1  592.37  0.003  0.027      74124.0  592.37     1.0
                      640            0  1     1  595.23  0.006  0.044      76980.0  595.23     1.0
                      660            0  1     1  572.79  0.005  0.037      79352.0  572.79     1.0
                      682            0  1     1  567.73  0.004  0.034      78186.0  567.73     1.0
                      704            0  1     1  580.05  0.006  0.043      80650.0  580.05     1.0
NVIDIA-H100-80GB-HBM3 256            0  1     1  954.87  0.001  0.010          NaN  954.87     1.0
                      352            0  1     1  965.11  0.002  0.014      42777.0  965.11     1.0
                      512            0  1     1  973.07  0.001  0.008      61705.0  973.07     1.0
                      528            0  1     1  974.58  0.001  0.009      63639.0  974.58     1.0
                      616            0  1     1  973.69  0.001  0.007      73997.0  973.69     1.0
                      640            0  1     1  975.01  0.001  0.007      76853.0  975.01     1.0
                      660            0  1     1  890.22  0.001  0.006      79225.0  890.22     1.0
                      682            0  1     1  887.67  0.001  0.008      76559.0  887.67     1.0
                      704            0  1     1  977.40  0.001  0.011      78975.0  977.40     1.0
NVIDIA-L40S           200            0  1     1  431.47  0.001  0.011      24806.0  431.47     1.0
                      256            0  1     1  432.58  0.002  0.012      31516.0  432.58     1.0
                      300            0  1     1  433.23  0.001  0.011      36756.0  433.23     1.0
                      350            0  1     1  433.38  0.001  0.011      42750.0  433.38     1.0
                      376            0  1     1  432.50  0.002  0.012      45840.0  432.50     1.0
                      384            0  1     1  434.31  0.002  0.014      43750.0  434.31     1.0
                      388            0  1     1  433.99  0.002  0.013      44690.0  433.99     1.0
                      400            0  1     1  437.43  0.002  0.012      45994.0  437.43     1.0
Quadro-RTX-8000       204            0  1     1  210.21  0.000  0.003      24183.0  210.21     1.0
                      256            0  1     1  211.50  0.001  0.004      30069.0  211.50     1.0
                      306            0  1     1  210.30  0.000  0.003      35797.0  210.30     1.0
                      358            0  1     1  210.29  0.001  0.004      41679.0  210.29     1.0
                      384            0  1     1  211.28  0.001  0.005      44605.0  211.28     1.0
                      396            0  1     1  210.26  0.001  0.006      46033.0  210.26     1.0
                      400            0  1     1  211.00  0.001  0.006      44251.0  211.00     1.0
                      408            0  1     1  210.69  0.001  0.005      45161.0  210.69     1.0
Tesla-V100-SXM2-32GB  148            0  1     1  150.04  0.002  0.014      17689.0  150.04     1.0
                      222            0  1     1  148.92  0.001  0.011      26055.0  148.92     1.0
                      256            0  1     1  149.30  0.001  0.010      28847.0  149.30     1.0
                      260            0  1     1  149.18  0.001  0.008      30411.0  149.18     1.0
                      278            0  1     1  148.49  0.001  0.009      32461.0  148.49     1.0
                      288            0  1     1  149.63  0.002  0.012      31723.0  149.63     1.0
                      296            0  1     1  149.96  0.002  0.013      32009.0  149.96     1.0
/Users/satyaortiz-gagne/CODE/milabench/report.py:142: FutureWarning: The behavior of DataFrame concatenation with empty or all-NA entries is deprecated. In a future version, this will no longer exclude empty or all-NA columns when determining the result dtypes. To retain the old behavior, exclude the relevant entries before the concat operation.
  df = pd.concat(
WARNING:root:('NVIDIA-A100-SXM4-40GB', 'brax'): Dropped entries with more than 1 gpu
           fail  n ngpu       perf   sem%   std% peak_memory      score weight
batch_size                                                                    
65536         0  1    1  362014.65  0.001  0.003     19513.0  362014.65    1.0
73728         0  1    1  361892.48  0.001  0.003     19513.0  361892.48    1.0
110592        0  1    1  362754.92  0.001  0.002     31295.0  362754.92    1.0
129024        0  1    1  362407.78  0.001  0.002     31295.0  362407.78    1.0
131072        0  1    1  363325.56  0.001  0.002     31295.0  363325.56    1.0
138240        0  1    1  361657.12  0.002  0.006     31297.0  361657.12    1.0
142848        0  1    1  362185.17  0.002  0.005     31297.0  362185.17    1.0
147456        0  1    1  362873.44  0.001  0.002     31297.0  362873.44    1.0
WARNING:root:('NVIDIA-A100-SXM4-80GB', 'brax'): Dropped entries with more than 1 gpu
           fail  n ngpu       perf   sem%   std% peak_memory      score weight
batch_size                                                                    
65536         0  1    1  367479.03  0.001  0.004     19758.0  367479.03    1.0
131072        0  1    1  369292.03    0.0  0.001     38190.0  369292.03    1.0
147456        0  1    1  368397.62  0.001  0.002     38192.0  368397.62    1.0
221184        0  1    1  367747.53  0.004  0.006     62078.0  367747.53    1.0
258048        0  1    1  357653.06  0.026  0.051     62078.0  357653.06    1.0
262144        0  1    1  358298.59  0.026  0.052     62078.0  358298.59    1.0
276480        0  1    1  358051.76  0.023  0.046     62078.0  358051.76    1.0
285696        0  1    1   358753.7  0.024  0.048     62078.0   358753.7    1.0
294912        0  1    1  358986.33  0.023  0.045     62078.0  358986.33    1.0
WARNING:root:('NVIDIA-H100-80GB-HBM3', 'brax'): Dropped entries with more than 1 gpu
           fail  n ngpu       perf   sem%   std% peak_memory      score weight
batch_size                                                                    
65536         0  1    1  678702.34    0.0  0.002     19797.0  678702.34    1.0
131072        0  1    1  679349.26  0.001  0.002     38231.0  679349.26    1.0
147456        0  1    1  683392.19  0.001  0.003     38233.0  683392.19    1.0
221184        0  1    1  679214.75  0.001  0.003     62117.0  679214.75    1.0
258048        0  1    1  677021.69  0.001  0.001     62117.0  677021.69    1.0
262144        0  1    1  679796.23  0.001  0.003     62117.0  679796.23    1.0
276480        0  1    1  679581.18  0.001  0.001     62117.0  679581.18    1.0
285696        0  1    1  681517.11  0.001  0.002     62117.0  681517.11    1.0
294912        0  1    1  677801.51  0.001  0.001     62117.0  677801.51    1.0
WARNING:root:('NVIDIA-L40S', 'brax'): Dropped entries with more than 1 gpu
           fail  n ngpu       perf sem%   std% peak_memory      score weight
batch_size                                                                  
83968         0  1    1  580676.01  0.0  0.001     19548.0  580676.01    1.0
125952        0  1    1  578365.02  0.0  0.001     35140.0  578365.02    1.0
131072        0  1    1  577891.61  0.0  0.001     35140.0  577891.61    1.0
146944        0  1    1  577553.29  0.0  0.001     35142.0  577553.29    1.0
157440        0  1    1  578142.78  0.0  0.001     35142.0  578142.78    1.0
163840        0  1    1  578231.29  0.0    0.0     35142.0  578231.29    1.0
167936        0  1    1  576621.49  0.0    0.0     35142.0  576621.49    1.0
WARNING:root:('Quadro-RTX-8000', 'brax'): Dropped entries with more than 1 gpu
           fail  n ngpu      perf   sem%   std% peak_memory     score weight
batch_size                                                                  
65536         0  1    1  88084.21  0.031  0.063     19205.0  88084.21    1.0
83968         0  1    1  87960.49  0.035  0.061     19207.0  87960.49    1.0
125952        0  1    1  86565.64  0.033  0.047     34929.0  86565.64    1.0
131072        0  1    1  87283.18  0.033  0.047     34929.0  87283.18    1.0
146944        0  1    1  87100.89  0.031  0.044     34931.0  87100.89    1.0
157440        0  1    1  83621.35    0.0    0.0     34925.0  83621.35    1.0
163840        0  1    1  84123.74    0.0    0.0     34925.0  84123.74    1.0
167936        0  1    1  84162.52    0.0    0.0     34925.0  84162.52    1.0
WARNING:root:('Tesla-V100-SXM2-32GB', 'brax'): Dropped entries with more than 1 gpu
           fail  n ngpu       perf   sem%   std% peak_memory      score weight
batch_size                                                                    
55296         0  1    1  112105.28  0.001  0.002     19135.0  112105.28    1.0
65536         0  1    1  112032.68    0.0    0.0     19135.0  112032.68    1.0
82944         0  1    1  107003.62  0.042  0.084     19143.0  107003.62    1.0
96768         0  1    1  106096.67  0.048  0.084     25085.0  106096.67    1.0
98304         0  1    1  106236.46  0.048  0.083     25085.0  106236.46    1.0
103680        0  1    1  105998.13  0.047  0.081     25085.0  105998.13    1.0
106496        0  1    1  106242.28  0.045  0.078     25085.0  106242.28    1.0
110592        0  1    1  106405.68  0.044  0.077     25085.0  106405.68    1.0
WARNING:root:('NVIDIA-A100-SXM4-40GB', 'lightning-gpus'): Dropped entries with less than 4 gpu
           fail  n ngpu     perf   sem%   std% peak_memory    score weight
batch_size                                                                
216           0  1    4  2612.97  0.004  0.035     23961.0  2612.97    1.0
256           0  1    4  2639.67  0.004  0.044     27703.0  2639.67    1.0
324           0  1    4  2617.25  0.005  0.047     34287.0  2617.25    1.0
378           0  1    4  2567.94  0.015  0.144     39527.0  2567.94    1.0
384           0  1    4  2579.13  0.012  0.121     40017.0  2579.13    1.0
406           0  1    4  2489.79  0.021  0.206     40957.0  2489.79    1.0
416           0  1    4  2513.28  0.018  0.178     40931.0  2513.28    1.0
420           0  1    4  2608.64  0.011  0.113     40927.0  2608.64    1.0
432           0  1    4  1637.01  0.041  0.409     40957.0  1637.01    1.0
WARNING:root:('NVIDIA-A100-SXM4-80GB', 'lightning-gpus'): Dropped entries with less than 4 gpu
           fail  n ngpu     perf   sem%   std% peak_memory    score weight
batch_size                                                                
448           0  1    4  2882.05  0.003  0.031     46422.0  2882.05    1.0
512           0  1    4   2873.5  0.006  0.057     52536.0   2873.5    1.0
538           0  1    4  2918.98  0.005  0.051     55032.0  2918.98    1.0
672           0  1    4  2931.23  0.003  0.032     67908.0  2931.23    1.0
718           0  1    4  2907.32  0.002  0.019     72344.0  2907.32    1.0
768           0  1    4  2922.47  0.008  0.079     77080.0  2922.47    1.0
784           0  1    4  2960.45  0.002  0.024     78754.0  2960.45    1.0
808           0  1    4  2949.37  0.003  0.029     80928.0  2949.37    1.0
840           0  1    4  2784.85  0.018   0.18     81868.0  2784.85    1.0
852           0  1    4  2884.03  0.012  0.116     81198.0  2884.03    1.0
868           0  1    4  2889.67  0.011  0.106     81884.0  2889.67    1.0
896           0  1    4  2869.56  0.012  0.117     81904.0  2869.56    1.0
WARNING:root:('NVIDIA-H100-80GB-HBM3', 'lightning-gpus'): Dropped entries with less than 4 gpu
           fail  n ngpu     perf   sem%   std% peak_memory    score weight
batch_size                                                                
440           0  1    4  4840.91  0.008  0.078     46837.0  4840.91    1.0
512           0  1    4  4948.07  0.006  0.059     53419.0  4948.07    1.0
660           0  1    4  4826.76  0.015  0.148     67511.0  4826.76    1.0
768           0  1    4  5009.48  0.012  0.124     77901.0  5009.48    1.0
770           0  1    4  5030.24   0.01  0.099     78155.0  5030.24    1.0
826           0  1    4  4580.12  0.026  0.259     81543.0  4580.12    1.0
832           0  1    4  4698.63  0.023  0.231     80237.0  4698.63    1.0
854           0  1    4  4897.61  0.019  0.189     81149.0  4897.61    1.0
864           0  1    4  4962.67  0.014   0.14     81443.0  4962.67    1.0
880           0  1    4  3904.88  0.012  0.123     81557.0  3904.88    1.0
WARNING:root:('NVIDIA-L40S', 'lightning-gpus'): Dropped entries with less than 4 gpu
           fail  n ngpu     perf   sem%   std% peak_memory    score weight
batch_size                                                                
248           0  1    4  2043.99  0.012  0.122     25414.0  2043.99    1.0
256           0  1    4  2067.71  0.007   0.07     26200.0  2067.71    1.0
298           0  1    4  2045.23  0.002  0.024     30346.0  2045.23    1.0
372           0  1    4  1967.98  0.007  0.067     37164.0  1967.98    1.0
384           0  1    4  1982.89  0.004  0.043     38260.0  1982.89    1.0
398           0  1    4  1985.69  0.005  0.051     39708.0  1985.69    1.0
404           0  1    4  1983.52  0.002  0.015     40206.0  1983.52    1.0
434           0  1    4  1907.37  0.013  0.133     43052.0  1907.37    1.0
448           0  1    4  1960.63  0.002  0.024     44240.0  1960.63    1.0
454           0  1    4  1963.27  0.003  0.025     44794.0  1963.27    1.0
466           0  1    4  1893.41  0.012  0.116     46066.0  1893.41    1.0
472           0  1    4  1958.96  0.001  0.012     45072.0  1958.96    1.0
480           0  1    4  1949.64  0.005  0.049     45654.0  1949.64    1.0
482           0  1    4  1951.83  0.002  0.018     45996.0  1951.83    1.0
496           0  1    4  1937.95  0.007  0.068     45986.0  1937.95    1.0
WARNING:root:('Quadro-RTX-8000', 'lightning-gpus'): Dropped entries with less than 4 gpu
           fail  n ngpu     perf   sem%   std% peak_memory    score weight
batch_size                                                                
252           0  1    4   1001.1  0.013  0.128     26073.0   1001.1    1.0
256           0  1    4   996.62  0.005   0.05     26349.0   996.62    1.0
302           0  1    4  1002.88  0.003  0.034     30697.0  1002.88    1.0
378           0  1    4   1034.6  0.001  0.013     38023.0   1034.6    1.0
384           0  1    4  1006.97  0.002  0.024     38533.0  1006.97    1.0
404           0  1    4  1004.44  0.002  0.024     40491.0  1004.44    1.0
442           0  1    4   1034.4  0.002  0.021     44055.0   1034.4    1.0
448           0  1    4  1010.16  0.001  0.014     44587.0  1010.16    1.0
454           0  1    4  1007.11  0.003  0.026     45145.0  1007.11    1.0
474           0  1    4  1011.43  0.009  0.088     45965.0  1011.43    1.0
480           0  1    4   993.45  0.006  0.061     45657.0   993.45    1.0
490           0  1    4  1007.69  0.007  0.065     46073.0  1007.69    1.0
496           0  1    4  1000.74  0.007  0.065     46027.0  1000.74    1.0
504           0  1    4   813.82  0.016  0.159     46079.0   813.82    1.0
WARNING:root:('Tesla-V100-SXM2-32GB', 'lightning-gpus'): Dropped entries with less than 4 gpu
           fail  n ngpu     perf   sem%   std% peak_memory    score weight
batch_size                                                                
172           0  1    4  1088.23  0.003  0.034     18603.0  1088.23    1.0
196           0  1    4  1334.51  0.002  0.024     20892.0  1334.51    1.0
256           0  1    4  1333.16  0.003  0.026     26502.0  1333.16    1.0
258           0  1    4  1099.15  0.003  0.028     26749.0  1099.15    1.0
262           0  1    4  1318.64  0.002  0.019     27244.0  1318.64    1.0
296           0  1    4  1344.93  0.004  0.041     30420.0  1344.93    1.0
302           0  1    4  1130.12  0.002  0.022     30937.0  1130.12    1.0
312           0  1    4  1358.14  0.002   0.02     31770.0  1358.14    1.0
320           0  1    4  1346.13  0.005   0.05     32706.0  1346.13    1.0
324           0  1    4  1113.13  0.007  0.067     32767.0  1113.13    1.0
328           0  1    4  1328.66  0.007  0.068     32746.0  1328.66    1.0
334           0  1    4  1089.94  0.011  0.114     32733.0  1089.94    1.0
336           0  1    4  1089.21  0.012  0.119     32717.0  1089.21    1.0
344           0  1    4  1115.54  0.008  0.075     32739.0  1115.54    1.0
WARNING:root:Missing bench data for ('NVIDIA-A100-SXM4-40GB', 'llava-single')
WARNING:root:Missing bench data for ('NVIDIA-L40S', 'llava-single')
WARNING:root:Missing bench data for ('Quadro-RTX-8000', 'llava-single')
WARNING:root:Missing bench data for ('Tesla-V100-SXM2-32GB', 'llava-single')
WARNING:root:Missing bench data for ('NVIDIA-A100-SXM4-40GB', 'llm-lora-mp-gpus')
WARNING:root:Missing bench data for ('NVIDIA-L40S', 'llm-lora-mp-gpus')
WARNING:root:Missing bench data for ('Quadro-RTX-8000', 'llm-lora-mp-gpus')
WARNING:root:Missing bench data for ('Tesla-V100-SXM2-32GB', 'llm-lora-mp-gpus')
WARNING:root:('NVIDIA-A100-SXM4-40GB', 'ppo'): Dropped ppo entry with a batch size of 7808
           fail  n ngpu      perf sem% std% peak_memory     score weight
batch_size                                                              
8192          0  1    1  24733.84  0.0  0.0     31321.0  24733.84    1.0
11712         0  1    1  30930.87  0.0  0.0     31323.0  30930.87    1.0
12288         0  1    1  31983.73  0.0  0.0     31323.0  31983.73    1.0
13664         0  1    1  33942.47  0.0  0.0     31323.0  33942.47    1.0
14336         0  1    1  34822.37  0.0  0.0     31323.0  34822.37    1.0
14640         0  1    1  35360.36  0.0  0.0     31323.0  35360.36    1.0
15128         0  1    1  35453.45  0.0  0.0     31323.0  35453.45    1.0
15360         0  1    1  36539.69  0.0  0.0     31323.0  36539.69    1.0
15616         0  1    1  36402.85  0.0  0.0     31323.0  36402.85    1.0
WARNING:root:('NVIDIA-A100-SXM4-80GB', 'ppo'): Dropped ppo entry with a batch size of 7808
           fail  n ngpu      perf sem% std% peak_memory     score weight
batch_size                                                              
8192          0  1    1   25388.5  0.0  0.0     62104.0   25388.5    1.0
11712         0  1    1  31142.09  0.0  0.0     62104.0  31142.09    1.0
12288         0  1    1  32880.87  0.0  0.0     62104.0  32880.87    1.0
13664         0  1    1  34863.49  0.0  0.0     62104.0  34863.49    1.0
14336         0  1    1  35713.94  0.0  0.0     62104.0  35713.94    1.0
14640         0  1    1  34764.93  0.0  0.0     62104.0  34764.93    1.0
15128         0  1    1  35794.81  0.0  0.0     62104.0  35794.81    1.0
15360         0  1    1  37335.21  0.0  0.0     62104.0  37335.21    1.0
15616         0  1    1   37639.3  0.0  0.0     62016.0   37639.3    1.0
WARNING:root:('NVIDIA-H100-80GB-HBM3', 'ppo'): Dropped ppo entry with a batch size of 7808
           fail  n ngpu      perf sem% std% peak_memory     score weight
batch_size                                                              
8192          0  1    1  29358.77  0.0  0.0     62365.0  29358.77    1.0
11712         0  1    1  36293.47  0.0  0.0     62367.0  36293.47    1.0
12288         0  1    1  37000.15  0.0  0.0     62367.0  37000.15    1.0
13664         0  1    1  35245.31  0.0  0.0     62367.0  35245.31    1.0
14336         0  1    1  41360.06  0.0  0.0     62367.0  41360.06    1.0
14640         0  1    1  41965.08  0.0  0.0     62367.0  41965.08    1.0
15128         0  1    1  42181.62  0.0  0.0     62367.0  42181.62    1.0
15360         0  1    1   42888.5  0.0  0.0     62367.0   42888.5    1.0
15616         0  1    1  43504.87  0.0  0.0     62367.0  43504.87    1.0
WARNING:root:('NVIDIA-L40S', 'ppo'): Dropped ppo entry with a batch size of 7808
           fail  n ngpu      perf sem% std% peak_memory     score weight
batch_size                                                              
8192          0  1    1  28236.05  0.0  0.0     35166.0  28236.05    1.0
11712         0  1    1   35480.1  0.0  0.0     35166.0   35480.1    1.0
12288         0  1    1  36773.23  0.0  0.0     35166.0  36773.23    1.0
13664         0  1    1  40036.68  0.0  0.0     35166.0  40036.68    1.0
14336         0  1    1  41430.37  0.0  0.0     35166.0  41430.37    1.0
14640         0  1    1   41723.3  0.0  0.0     35166.0   41723.3    1.0
15128         0  1    1  41758.09  0.0  0.0     35166.0  41758.09    1.0
15360         0  1    1  43130.12  0.0  0.0     35166.0  43130.12    1.0
15616         0  1    1  43928.23  0.0  0.0     35166.0  43928.23    1.0
WARNING:root:('Quadro-RTX-8000', 'ppo'): Dropped ppo entry with a batch size of 7808
           fail  n ngpu      perf sem% std% peak_memory     score weight
batch_size                                                              
8192          0  1    1  25341.83  0.0  0.0     34953.0  25341.83    1.0
11712         0  1    1  30728.31  0.0  0.0     34953.0  30728.31    1.0
12288         0  1    1  33591.28  0.0  0.0     34955.0  33591.28    1.0
13664         0  1    1  36005.97  0.0  0.0     34955.0  36005.97    1.0
14336         0  1    1  36722.58  0.0  0.0     34955.0  36722.58    1.0
14640         0  1    1  37829.65  0.0  0.0     34953.0  37829.65    1.0
15128         0  1    1  37799.17  0.0  0.0     34955.0  37799.17    1.0
15360         0  1    1  38749.02  0.0  0.0     34953.0  38749.02    1.0
15616         0  1    1  39020.41  0.0  0.0     34955.0  39020.41    1.0
WARNING:root:('Tesla-V100-SXM2-32GB', 'ppo'): Dropped ppo entry with a batch size of 7808
           fail  n ngpu      perf sem% std% peak_memory     score weight
batch_size                                                              
8192          0  1    1  20463.04  0.0  0.0     25077.0  20463.04    1.0
11712         0  1    1  25859.21  0.0  0.0     25077.0  25859.21    1.0
12288         0  1    1  26822.29  0.0  0.0     25079.0  26822.29    1.0
13664         0  1    1  28453.06  0.0  0.0     25077.0  28453.06    1.0
14336         0  1    1  29021.74  0.0  0.0     25079.0  29021.74    1.0
14640         0  1    1  28354.86  0.0  0.0     25079.0  28354.86    1.0
15128         0  1    1  29651.82  0.0  0.0     25079.0  29651.82    1.0
15360         0  1    1   30515.6  0.0  0.0     25077.0   30515.6    1.0
15616         0  1    1  30847.17  0.0  0.0     25077.0  30847.17    1.0
WARNING:root:Missing bench data for ('Tesla-V100-SXM2-32GB', 'vjepa-gpus')
WARNING:root:Missing bench data for ('Tesla-V100-SXM2-32GB', 'vjepa-single')
DEBUG:root:log
gpu
NVIDIA-A100-SXM4-40GB    6.649865
NVIDIA-A100-SXM4-80GB    7.011202
NVIDIA-H100-80GB-HBM3    7.544059
NVIDIA-L40S              6.512231
Quadro-RTX-8000          5.405908
Tesla-V100-SXM2-32GB     5.439938
dtype: float64
DEBUG:root:exp(log)
gpu
NVIDIA-A100-SXM4-40GB     772.680250
NVIDIA-A100-SXM4-80GB    1108.986184
NVIDIA-H100-80GB-HBM3    1889.484395
NVIDIA-L40S               673.327075
Quadro-RTX-8000           222.718445
Tesla-V100-SXM2-32GB      230.427787
dtype: float64
